file,class,type,cbo,cboModified,fanin,fanout,wmc,dit,noc,rfc,lcom,lcom*,tcc,lcc,totalMethodsQty,staticMethodsQty,publicMethodsQty,privateMethodsQty,protectedMethodsQty,defaultMethodsQty,visibleMethodsQty,abstractMethodsQty,finalMethodsQty,synchronizedMethodsQty,totalFieldsQty,staticFieldsQty,publicFieldsQty,privateFieldsQty,protectedFieldsQty,defaultFieldsQty,finalFieldsQty,synchronizedFieldsQty,nosi,loc,returnQty,loopQty,comparisonsQty,tryCatchQty,parenthesizedExpsQty,stringLiteralsQty,numbersQty,assignmentsQty,mathOperationsQty,variablesQty,maxNestedBlocksQty,anonymousClassesQty,innerClassesQty,lambdasQty,uniqueWordsQty,modifiers,logStatementsQty
/Users/patriziadecristofaro/Desktop/Arduino/app/src/processing/app/Editor.java,processing.app.Editor$DefaultExportAppHandler,innerclass,7,7,0,7,9,1,0,16,0,0.0,NaN,NaN,1,0,1,0,0,0,1,0,0,0,0,0,0,0,0,0,0,0,4,36,0,0,2,1,0,3,1,3,0,1,3,0,0,0,31,0,0
/Users/patriziadecristofaro/Desktop/Arduino/app/src/processing/app/EditorStatus.java,processing.app.EditorStatus$Anonymous4,anonymous,3,3,0,3,3,1,0,11,0,0.0,NaN,NaN,1,0,1,0,0,0,1,0,0,0,0,0,0,0,0,0,0,0,10,19,0,0,2,0,1,20,0,11,5,4,1,0,0,0,25,-1,0
/Users/patriziadecristofaro/Desktop/Arduino/app/src/processing/app/EditorStatus.java,processing.app.EditorStatus$Anonymous2,anonymous,3,3,0,3,2,1,0,4,0,0.0,NaN,NaN,1,0,1,0,0,0,1,0,0,0,0,0,0,0,0,0,0,0,0,9,0,0,1,0,0,0,0,1,0,1,1,0,0,0,12,-1,0
/Users/patriziadecristofaro/Desktop/Arduino/app/src/processing/app/EditorStatus.java,processing.app.EditorStatus$Anonymous3,anonymous,3,3,0,3,24,1,0,13,1,0.0,0.0,0.0,2,0,2,0,0,0,2,0,0,0,0,0,0,0,0,0,0,0,0,37,0,0,16,0,21,1,4,5,2,5,2,0,0,0,12,-1,0
/Users/patriziadecristofaro/Desktop/Arduino/arduino-core/src/processing/app/windows/Registry.java,processing.app.windows.Registry,class,7,9,2,7,44,1,0,23,105,0.93333334,0.0,0.0,15,15,11,4,0,0,12,0,0,0,1,1,0,1,0,0,1,0,16,264,15,2,26,0,33,2,71,92,10,63,5,0,1,0,120,1,0
/Users/patriziadecristofaro/Desktop/Arduino/app/src/processing/app/EditorStatus.java,processing.app.EditorStatus$Anonymous1,anonymous,1,1,0,1,2,1,0,1,0,0.0,NaN,NaN,1,0,1,0,0,0,1,0,0,0,0,0,0,0,0,0,0,0,0,7,0,0,1,0,0,0,0,0,0,0,1,0,0,0,11,-1,0
/Users/patriziadecristofaro/Desktop/Arduino/arduino-core/src/processing/app/I18n.java,processing.app.I18n,class,1,53,52,1,9,1,0,9,4,0.7083333,0.16666667,0.16666667,4,4,2,0,2,0,4,0,0,0,6,6,0,1,0,5,0,0,13,47,2,0,3,1,0,17,6,16,0,9,2,0,0,0,50,1,0
/Users/patriziadecristofaro/Desktop/Arduino/app/src/processing/app/tools/ZipDeflater.java,processing.app.tools.ZipDeflater,class,3,6,3,3,19,1,0,27,7,0.62500006,1.0,1.0,6,0,2,4,0,0,2,0,0,0,4,0,0,4,0,0,4,0,3,85,2,4,5,1,1,6,13,23,4,18,4,0,0,0,44,1,0
/Users/patriziadecristofaro/Desktop/Arduino/app/src/processing/app/NetworkMonitor.java,processing.app.NetworkMonitor$Anonymous3,anonymous,1,1,0,1,3,1,0,3,0,0.0,NaN,NaN,1,0,1,0,0,0,1,0,0,0,0,0,0,0,0,0,0,0,0,13,0,0,0,1,0,0,0,0,0,0,1,0,0,0,7,-1,0
/Users/patriziadecristofaro/Desktop/Arduino/arduino-core/src/processing/app/BaseNoGui.java,processing.app.BaseNoGui,class,22,37,15,22,182,1,0,162,1835,0.9655913,0.01480698,0.019037547,62,62,60,0,2,0,62,0,0,0,15,15,3,5,0,7,2,0,210,594,54,13,34,14,19,136,28,108,19,88,5,0,0,0,385,1,0
/Users/patriziadecristofaro/Desktop/Arduino/arduino-core/src/processing/app/debug/TargetBoard.java,processing.app.debug.TargetBoard,class,5,16,11,5,12,1,0,17,15,0.7,0.33333334,0.8,10,0,10,0,0,0,10,0,0,0,4,0,0,4,0,0,0,0,2,46,9,0,1,0,0,6,0,8,1,6,1,0,0,0,69,1,0
/Users/patriziadecristofaro/Desktop/Arduino/app/src/processing/app/NetworkMonitor.java,processing.app.NetworkMonitor$Anonymous2,anonymous,2,2,0,2,3,1,0,4,0,0.0,NaN,NaN,1,0,1,0,0,0,1,0,0,0,0,0,0,0,0,0,0,0,2,12,0,0,0,1,0,1,1,0,1,0,1,0,0,0,5,-1,0
/Users/patriziadecristofaro/Desktop/Arduino/app/src/processing/app/NetworkMonitor.java,processing.app.NetworkMonitor$Anonymous1,anonymous,0,0,0,0,2,1,0,8,0,0.0,NaN,NaN,1,0,1,0,0,0,1,0,0,0,0,0,0,0,0,0,0,0,0,14,0,0,0,1,0,1,0,1,0,1,1,0,0,0,12,-1,0
/Users/patriziadecristofaro/Desktop/Arduino/arduino-core/src/processing/app/windows/Advapi32.java,processing.app.windows.Advapi32$ChangeServiceConfig2Info,innerclass,1,1,0,1,0,2,0,0,0,0.0,-1.0,-1.0,0,0,0,0,0,0,0,0,0,0,0,0,0,0,0,0,0,0,0,2,0,0,0,0,0,0,0,0,0,0,0,0,0,0,5,9,0
/Users/patriziadecristofaro/Desktop/Arduino/app/src/processing/app/syntax/InputHandler.java,processing.app.syntax.InputHandler$clipboard_copy,innerclass,2,2,0,2,1,1,0,2,0,0.0,NaN,NaN,1,0,1,0,0,0,1,0,0,0,0,0,0,0,0,0,0,0,1,5,0,0,0,0,0,0,0,0,0,0,0,0,0,0,11,9,0
/Users/patriziadecristofaro/Desktop/Arduino/app/src/processing/app/syntax/PdeTextAreaDefaults.java,processing.app.syntax.PdeTextAreaDefaults,class,8,9,1,8,6,2,0,7,0,0.0,NaN,NaN,1,0,1,0,0,0,1,0,0,0,0,0,0,0,0,0,0,0,29,105,0,0,0,0,0,83,3,33,9,1,1,0,0,0,35,1,0
/Users/patriziadecristofaro/Desktop/Arduino/app/src/processing/app/syntax/JEditTextArea.java,processing.app.syntax.JEditTextArea$CaretUndo,innerclass,2,2,0,2,7,2,0,4,3,0.33333334,0.4,0.4,6,0,5,0,0,1,6,0,0,0,2,0,0,2,0,0,0,0,0,32,4,0,0,0,0,1,0,5,0,3,1,0,0,0,23,0,0
/Users/patriziadecristofaro/Desktop/Arduino/app/src/processing/app/syntax/InputHandler.java,processing.app.syntax.InputHandler$prev_line,innerclass,2,2,0,2,7,1,0,12,0,0.0,1.0,1.0,2,0,2,0,0,0,2,0,0,0,1,0,0,1,0,0,0,0,1,30,1,0,3,0,0,0,7,7,4,5,3,0,0,0,17,9,0
/Users/patriziadecristofaro/Desktop/Arduino/arduino-core/src/processing/app/debug/Compiler.java,processing.app.debug.Compiler,class,26,30,4,26,193,1,0,158,300,0.8715278,0.21212122,0.3939394,32,6,11,10,6,5,22,0,0,0,9,1,1,8,0,0,1,0,102,733,33,27,29,15,6,193,56,196,44,137,5,2,1,0,417,1,0
/Users/patriziadecristofaro/Desktop/Arduino/app/src/processing/app/Editor.java,processing.app.Editor$TextAreaPopup,innerclass,4,4,0,4,5,5,0,16,0,0.125,1.0,1.0,2,0,2,0,0,0,2,0,0,0,8,0,0,8,0,0,0,0,12,131,0,0,2,0,0,11,0,18,0,12,1,11,0,0,40,0,0
/Users/patriziadecristofaro/Desktop/Arduino/app/src/processing/app/debug/EasySSLProtocolSocketFactory.java,processing.app.debug.EasySSLProtocolSocketFactory,class,6,7,1,6,14,1,0,21,36,0.8888889,0.0,0.0,9,1,7,2,0,0,7,0,0,0,4,3,2,2,0,0,3,0,2,64,8,0,4,1,2,25,1,14,0,12,1,0,0,0,172,1,1
/Users/patriziadecristofaro/Desktop/Arduino/app/src/processing/app/tools/MenuScroller.java,processing.app.tools.MenuScroller$MenuScrollTimer$Anonymous1,anonymous,1,1,0,1,1,1,0,1,0,0.0,NaN,NaN,1,0,1,0,0,0,1,0,0,0,0,0,0,0,0,0,0,0,0,6,0,0,0,0,0,0,0,1,0,0,0,0,0,0,10,-1,0
/Users/patriziadecristofaro/Desktop/Arduino/arduino-core/src/processing/app/windows/Advapi32.java,processing.app.windows.Advapi32$SERVICE_MAIN_FUNCTION,interface,2,2,0,2,1,1,0,0,0,0.0,NaN,NaN,1,0,1,0,0,0,1,0,0,0,0,0,0,0,0,0,0,0,0,3,0,0,0,0,0,0,0,0,0,0,0,0,0,0,21,0,0
/Users/patriziadecristofaro/Desktop/Arduino/app/src/processing/app/syntax/JEditTextArea.java,processing.app.syntax.JEditTextArea$ComponentHandler,innerclass,1,1,0,1,1,2,0,1,0,0.0,NaN,NaN,1,0,1,0,0,0,1,0,0,0,0,0,0,0,0,0,0,0,0,6,0,0,0,0,0,0,0,1,0,0,0,0,0,0,14,0,0
/Users/patriziadecristofaro/Desktop/Arduino/app/src/processing/app/tools/MenuScroller.java,processing.app.tools.MenuScroller$MenuScrollTimer,innerclass,0,0,0,0,1,2,0,0,0,0.0,NaN,NaN,1,0,1,0,0,0,1,0,0,0,0,0,0,0,0,0,0,0,0,11,0,0,0,0,0,1,0,0,0,0,0,1,0,0,6,2,0
/Users/patriziadecristofaro/Desktop/Arduino/app/src/processing/app/Editor.java,processing.app.Editor$UndoAction,innerclass,7,7,0,7,9,2,0,15,3,0.0,0.0,0.0,3,0,2,0,1,0,3,0,0,0,0,0,0,0,0,0,0,0,1,37,0,0,1,1,0,3,2,2,1,2,2,0,0,0,25,0,0
/Users/patriziadecristofaro/Desktop/Arduino/arduino-core/src/processing/app/helpers/CommandlineParser.java,processing.app.helpers.CommandlineParser,class,9,12,3,9,82,1,0,34,109,0.84210527,0.10989011,0.10989011,19,1,14,5,0,0,14,0,0,0,8,0,0,8,0,0,0,0,58,200,15,2,32,0,4,46,45,40,2,23,4,0,1,0,106,1,0
/Users/patriziadecristofaro/Desktop/Arduino/app/src/processing/app/AbstractMonitor.java,processing.app.AbstractMonitor,class,8,19,11,8,21,6,2,66,66,0.86923075,0.060606062,0.15151516,13,0,10,1,2,0,12,2,0,2,10,0,0,2,8,0,1,0,26,170,4,1,5,0,4,30,33,31,2,27,3,4,0,0,109,1025,0
/Users/patriziadecristofaro/Desktop/Arduino/app/src/processing/app/tools/MenuScroller.java,processing.app.tools.MenuScroller$MouseScrollListener,innerclass,1,1,0,1,1,1,0,3,0,0.0,NaN,NaN,1,0,1,0,0,0,1,0,0,0,0,0,0,0,0,0,0,0,0,7,0,0,0,0,0,0,0,1,0,0,0,0,0,0,12,2,0
/Users/patriziadecristofaro/Desktop/Arduino/app/src/processing/app/tools/DiscourseFormat.java,processing.app.tools.DiscourseFormat$Anonymous1,anonymous,0,0,0,0,1,1,0,0,0,0.0,NaN,NaN,1,0,1,0,0,0,1,0,0,0,0,0,0,0,0,0,0,0,0,4,0,0,0,0,0,0,0,0,0,0,0,0,0,0,5,-1,0
/Users/patriziadecristofaro/Desktop/Arduino/app/src/processing/app/syntax/CTokenMarker.java,processing.app.syntax.CTokenMarker,class,4,6,2,4,47,2,1,6,8,0.68,0.16666667,0.16666667,5,1,4,1,0,0,4,0,0,0,5,1,0,5,0,0,0,0,2,203,3,1,12,0,2,43,8,54,27,15,6,0,0,0,36,1,0
/Users/patriziadecristofaro/Desktop/Arduino/app/src/processing/app/syntax/SyntaxStyle.java,processing.app.syntax.SyntaxStyle,class,1,9,8,1,24,1,0,11,45,0.90000004,0.6666667,1.0,10,0,10,0,0,0,10,0,0,0,7,0,0,7,0,0,0,0,0,63,10,0,3,0,8,12,4,14,3,10,1,0,0,0,80,1,0
/Users/patriziadecristofaro/Desktop/Arduino/arduino-core/src/processing/app/zeroconf/jmdns/ArduinoDNSTaskStarter.java,processing.app.zeroconf.jmdns.ArduinoDNSTaskStarter,class,4,5,1,4,1,1,0,1,0,0.0,NaN,NaN,1,0,1,0,0,0,1,0,0,0,0,0,0,0,0,0,0,0,0,57,1,0,0,0,0,2,0,2,1,2,0,1,0,0,12,1,0
/Users/patriziadecristofaro/Desktop/Arduino/app/src/processing/app/tools/MenuScroller.java,processing.app.tools.MenuScroller$MenuIcon,enum,1,1,0,1,5,1,0,7,4,0.625,0.16666667,0.16666667,4,0,3,0,0,1,4,0,0,0,2,0,0,0,0,2,2,0,0,23,2,0,0,0,0,0,19,4,4,4,1,0,0,0,21,10,0
/Users/patriziadecristofaro/Desktop/Arduino/arduino-core/src/processing/app/SerialPortList.java,processing.app.SerialPortList$Anonymous1,anonymous,2,2,0,2,13,1,0,10,1,0.0,NaN,NaN,2,0,1,1,0,0,1,0,0,0,0,0,0,0,0,0,0,0,9,57,5,2,3,1,0,1,17,19,9,12,4,0,0,0,45,-1,0
/Users/patriziadecristofaro/Desktop/Arduino/app/test/processing/app/helpers/JEditTextAreaComponentMatcher.java,processing.app.helpers.JEditTextAreaComponentMatcher,class,2,3,1,2,2,1,0,2,0,0.0,1.0,1.0,2,0,2,0,0,0,2,0,0,0,1,0,0,1,0,0,1,0,0,9,1,0,0,0,0,0,0,1,0,1,0,0,0,0,9,1,0
/Users/patriziadecristofaro/Desktop/Arduino/app/src/processing/app/forms/PasswordAuthorizationDialog.java,processing.app.forms.PasswordAuthorizationDialog,class,2,7,5,2,5,6,0,30,0,0.6750001,0.6666667,1.0,5,0,4,1,0,0,4,0,0,0,8,0,0,0,8,0,6,0,4,65,2,0,0,0,0,6,11,11,0,9,0,3,0,0,41,1,0
/Users/patriziadecristofaro/Desktop/Arduino/arduino-core/src/processing/app/zeroconf/jmdns/ArduinoDNSTaskStarter.java,processing.app.zeroconf.jmdns.ArduinoDNSTaskStarter$Anonymous1$Anonymous2,anonymous,0,0,0,0,3,1,0,4,0,0.0,NaN,NaN,1,0,1,0,0,0,1,0,0,0,0,0,0,0,0,0,0,0,0,7,0,0,0,0,0,0,2,0,0,0,1,0,0,0,3,-1,0
/Users/patriziadecristofaro/Desktop/Arduino/app/src/cc/arduino/packages/MonitorFactory.java,cc.arduino.packages.MonitorFactory,class,4,5,1,4,2,1,0,2,0,0.0,NaN,NaN,1,0,1,0,0,0,1,0,0,0,0,0,0,0,0,0,0,0,0,8,2,0,0,0,0,1,0,0,0,0,1,0,0,0,9,1,0
/Users/patriziadecristofaro/Desktop/Arduino/app/src/processing/app/NetworkMonitor.java,processing.app.NetworkMonitor,class,15,19,4,15,17,7,0,23,5,0.67346936,0.33333334,0.6666667,7,0,6,1,0,0,6,0,0,1,7,1,0,7,0,0,3,0,7,121,3,1,2,2,2,12,7,13,3,11,3,3,0,0,78,1,0
/Users/patriziadecristofaro/Desktop/Arduino/arduino-core/src/processing/app/windows/WINNT.java,processing.app.windows.WINNT,interface,0,0,0,0,0,1,0,0,0,NaN,-1.0,-1.0,0,0,0,0,0,0,0,0,0,0,39,39,39,0,0,0,39,0,0,41,0,0,0,0,6,0,34,39,0,39,0,0,0,0,49,1,0
/Users/patriziadecristofaro/Desktop/Arduino/app/src/processing/app/syntax/JEditTextArea.java,processing.app.syntax.JEditTextArea$CaretBlinker,innerclass,0,0,0,0,1,1,0,1,0,0.0,NaN,NaN,1,0,1,0,0,0,1,0,0,0,0,0,0,0,0,0,0,0,1,10,0,0,0,0,0,0,0,0,0,0,0,1,0,0,9,8,0
/Users/patriziadecristofaro/Desktop/Arduino/app/src/processing/app/forms/PasswordAuthorizationDialog.java,processing.app.forms.PasswordAuthorizationDialog$Anonymous1,anonymous,1,1,0,1,1,1,0,1,0,0.0,NaN,NaN,1,0,1,0,0,0,1,0,0,0,0,0,0,0,0,0,0,0,0,5,0,0,0,0,0,0,0,0,0,0,0,0,0,0,8,-1,0
/Users/patriziadecristofaro/Desktop/Arduino/app/src/processing/app/syntax/TokenMarker.java,processing.app.syntax.TokenMarker,class,3,10,7,3,27,1,1,4,37,0.79999995,0.33333334,0.62222224,10,0,6,0,4,0,10,1,0,0,6,0,0,0,6,0,0,0,3,94,7,1,10,0,3,2,13,29,12,14,2,0,1,0,191,1025,0
/Users/patriziadecristofaro/Desktop/Arduino/app/src/processing/app/forms/PasswordAuthorizationDialog.java,processing.app.forms.PasswordAuthorizationDialog$Anonymous2,anonymous,1,1,0,1,1,1,0,1,0,0.0,NaN,NaN,1,0,1,0,0,0,1,0,0,0,0,0,0,0,0,0,0,0,0,5,0,0,0,0,0,0,0,0,0,0,0,0,0,0,8,-1,0
/Users/patriziadecristofaro/Desktop/Arduino/app/src/processing/app/forms/PasswordAuthorizationDialog.java,processing.app.forms.PasswordAuthorizationDialog$Anonymous3,anonymous,1,1,0,1,1,1,0,1,0,0.0,NaN,NaN,1,0,1,0,0,0,1,0,0,0,0,0,0,0,0,0,0,0,0,5,0,0,0,0,0,0,0,0,0,0,0,0,0,0,8,-1,0
/Users/patriziadecristofaro/Desktop/Arduino/app/src/processing/app/AbstractMonitor.java,processing.app.AbstractMonitor$Anonymous3,anonymous,1,1,0,1,1,1,0,4,0,0.0,NaN,NaN,1,0,1,0,0,0,1,0,0,0,0,0,0,0,0,0,0,0,1,6,0,0,0,0,0,1,0,0,0,0,0,0,0,0,5,-1,0
/Users/patriziadecristofaro/Desktop/Arduino/app/src/processing/app/AbstractMonitor.java,processing.app.AbstractMonitor$Anonymous4,anonymous,0,0,0,0,2,1,0,5,0,0.0,NaN,NaN,1,0,1,0,0,0,1,0,0,0,0,0,0,0,0,0,0,0,0,8,0,0,0,0,0,0,0,0,0,0,1,0,0,0,2,-1,0
/Users/patriziadecristofaro/Desktop/Arduino/app/src/processing/app/AbstractMonitor.java,processing.app.AbstractMonitor$Anonymous1,anonymous,1,1,0,1,2,1,0,1,0,0.0,NaN,NaN,1,0,1,0,0,0,1,0,0,0,0,0,0,0,0,0,0,0,0,9,0,0,0,1,0,0,0,0,0,0,1,0,0,0,8,-1,0
/Users/patriziadecristofaro/Desktop/Arduino/app/src/processing/app/AbstractMonitor.java,processing.app.AbstractMonitor$Anonymous2,anonymous,1,1,0,1,2,1,0,2,0,0.0,NaN,NaN,1,0,1,0,0,0,1,0,0,0,0,0,0,0,0,0,0,0,0,10,0,0,0,1,0,0,0,0,0,0,1,0,0,0,11,-1,0
/Users/patriziadecristofaro/Desktop/Arduino/app/src/cc/arduino/packages/formatter/AStyleInterface.java,cc.arduino.packages.formatter.AStyleInterface,class,1,2,1,1,5,1,0,9,3,0.0,0.0,0.0,3,0,2,1,0,0,3,0,0,0,0,0,0,0,0,0,0,0,5,21,0,0,0,1,0,6,1,2,2,2,1,0,0,0,68,1,0
/Users/patriziadecristofaro/Desktop/Arduino/app/test/processing/app/I18NTest.java,processing.app.I18NTest$Anonymous1,anonymous,0,0,0,0,1,1,0,3,0,0.0,NaN,NaN,1,0,1,0,0,0,1,0,0,0,0,0,0,0,0,0,0,0,0,5,1,0,0,0,0,1,0,0,0,0,0,0,0,0,3,-1,0
/Users/patriziadecristofaro/Desktop/Arduino/arduino-core/src/processing/app/helpers/ProcessUtils.java,processing.app.helpers.ProcessUtils,class,1,4,3,1,3,1,0,7,0,0.0,NaN,NaN,1,1,1,0,0,0,1,0,0,0,0,0,0,0,0,0,0,0,2,13,2,1,0,0,0,4,1,5,0,4,1,0,0,0,13,1,0
/Users/patriziadecristofaro/Desktop/Arduino/app/src/processing/app/tools/MenuScroller.java,processing.app.tools.MenuScroller$MenuScrollItem,innerclass,2,2,0,2,7,6,0,8,0,0.0,1.0,1.0,3,0,3,0,0,0,3,0,0,0,1,0,0,1,0,0,0,0,0,20,0,0,0,0,0,1,0,1,0,1,1,0,0,0,22,2,0
/Users/patriziadecristofaro/Desktop/Arduino/arduino-core/src/processing/app/SketchData.java,processing.app.SketchData$Anonymous1,anonymous,1,1,0,1,1,1,0,2,0,0.0,NaN,NaN,1,0,1,0,0,0,1,0,0,0,0,0,0,0,0,0,0,0,0,5,1,0,0,0,0,0,0,0,0,0,0,0,0,0,4,-1,0
/Users/patriziadecristofaro/Desktop/Arduino/app/src/processing/app/EditorConsoleStream.java,processing.app.EditorConsoleStream,class,6,9,3,6,20,2,0,19,24,0.7179487,0.1388889,0.2777778,9,3,9,0,0,0,9,0,0,0,13,10,2,0,0,11,1,0,11,105,0,0,5,4,0,6,1,18,0,15,3,0,0,0,72,0,0
/Users/patriziadecristofaro/Desktop/Arduino/app/src/processing/app/Sketch.java,processing.app.Sketch$Anonymous2,anonymous,1,1,0,1,1,1,0,1,0,0.0,NaN,NaN,1,0,1,0,0,0,1,0,0,0,0,0,0,0,0,0,0,0,0,5,0,0,0,0,0,0,0,0,0,0,0,0,0,0,2,-1,0
/Users/patriziadecristofaro/Desktop/Arduino/app/src/processing/app/Sketch.java,processing.app.Sketch$Anonymous1,anonymous,0,0,0,0,1,1,0,2,0,0.0,NaN,NaN,1,0,1,0,0,0,1,0,0,0,0,0,0,0,0,0,0,0,0,5,1,0,0,0,0,1,0,0,0,0,0,0,0,0,3,-1,0
/Users/patriziadecristofaro/Desktop/Arduino/app/src/processing/app/Base.java,processing.app.Base$Anonymous8,anonymous,2,2,0,2,6,1,0,8,0,0.0,NaN,NaN,1,0,1,0,0,0,1,0,0,0,0,0,0,0,0,0,0,0,3,26,0,0,1,1,1,4,1,4,1,3,3,0,0,0,30,-1,0
/Users/patriziadecristofaro/Desktop/Arduino/app/src/processing/app/Base.java,processing.app.Base$Anonymous9,anonymous,5,5,0,5,2,1,0,7,0,0.0,NaN,NaN,1,0,1,0,0,0,1,0,0,0,0,0,0,0,0,0,0,0,3,11,0,0,0,1,0,3,0,1,0,1,1,0,0,0,21,-1,0
/Users/patriziadecristofaro/Desktop/Arduino/app/src/processing/app/syntax/InputHandler.java,processing.app.syntax.InputHandler$Wrapper,interface,0,0,0,0,0,1,0,0,0,0.0,-1.0,-1.0,0,0,0,0,0,0,0,0,0,0,0,0,0,0,0,0,0,0,0,2,0,0,0,0,0,0,0,0,0,0,0,0,0,0,6,1,0
/Users/patriziadecristofaro/Desktop/Arduino/app/src/processing/app/Base.java,processing.app.Base$Anonymous6,anonymous,1,1,0,1,1,1,0,2,0,0.0,NaN,NaN,1,0,1,0,0,0,1,0,0,0,0,0,0,0,0,0,0,0,1,5,0,0,0,0,0,3,0,0,1,0,0,0,0,0,7,-1,0
/Users/patriziadecristofaro/Desktop/Arduino/app/src/processing/app/Base.java,processing.app.Base$Anonymous7,anonymous,0,0,0,0,1,1,0,2,0,0.0,NaN,NaN,1,0,1,0,0,0,1,0,0,0,0,0,0,0,0,0,0,0,0,5,1,0,0,0,0,0,0,0,0,0,0,0,0,0,3,-1,0
/Users/patriziadecristofaro/Desktop/Arduino/app/src/processing/app/Base.java,processing.app.Base$Anonymous4,anonymous,2,2,0,2,1,1,0,6,0,0.0,NaN,NaN,1,0,1,0,0,0,1,0,0,0,0,0,0,0,0,0,0,0,1,9,0,0,0,0,0,2,1,0,0,0,0,0,0,0,23,-1,0
/Users/patriziadecristofaro/Desktop/Arduino/app/src/processing/app/Base.java,processing.app.Base$Anonymous5,anonymous,3,3,0,3,1,1,0,4,0,0.0,NaN,NaN,1,0,1,0,0,0,1,0,0,0,0,0,0,0,0,0,0,0,1,6,0,0,0,0,1,4,0,0,2,0,0,0,0,0,13,-1,0
/Users/patriziadecristofaro/Desktop/Arduino/app/src/processing/app/Base.java,processing.app.Base$Anonymous2,anonymous,1,1,0,1,2,1,0,2,0,0.0,NaN,NaN,1,0,1,0,0,0,1,0,0,0,0,0,0,0,0,0,0,0,0,10,0,0,0,1,0,0,0,0,0,0,1,0,0,0,10,-1,0
/Users/patriziadecristofaro/Desktop/Arduino/app/src/processing/app/Base.java,processing.app.Base$Anonymous3,anonymous,1,1,0,1,1,1,0,4,0,0.0,NaN,NaN,1,0,1,0,0,0,1,0,0,0,0,0,0,0,0,0,0,0,0,8,0,0,0,0,0,0,0,0,0,0,0,0,0,0,5,-1,0
/Users/patriziadecristofaro/Desktop/Arduino/app/test/processing/app/AutoformatSavesCaretPositionTest.java,processing.app.AutoformatSavesCaretPositionTest,class,5,5,0,5,1,2,0,9,0,0.0,NaN,NaN,1,0,1,0,0,0,1,0,0,0,0,0,0,0,0,0,0,0,0,13,0,0,0,0,0,20,2,3,2,3,0,0,0,0,35,1,0
/Users/patriziadecristofaro/Desktop/Arduino/app/src/processing/app/syntax/InputHandler.java,processing.app.syntax.InputHandler$home,innerclass,2,2,0,2,8,1,0,13,0,0.0,1.0,1.0,2,0,2,0,0,0,2,0,0,0,1,0,0,1,0,0,0,0,1,24,1,0,4,0,1,0,4,11,1,7,3,0,0,0,32,9,0
/Users/patriziadecristofaro/Desktop/Arduino/app/src/processing/app/syntax/TextAreaLineNumbers.java,processing.app.syntax.TextAreaLineNumbers,class,5,7,2,5,15,5,0,26,15,0.8,0.06666667,0.06666667,7,0,5,1,1,0,6,0,0,0,10,0,0,10,0,0,7,0,2,72,2,0,3,0,0,1,17,18,9,14,1,0,0,0,69,1,0
/Users/patriziadecristofaro/Desktop/Arduino/app/src/processing/app/Editor.java,processing.app.Editor$FileDropHandler,innerclass,4,4,0,4,14,2,0,11,1,0.0,0.0,0.0,2,0,2,0,0,0,2,0,0,0,0,0,0,0,0,0,0,0,5,50,3,2,2,1,0,9,6,9,0,7,4,0,0,0,54,0,0
/Users/patriziadecristofaro/Desktop/Arduino/app/src/processing/app/debug/EasyX509TrustManager.java,processing.app.debug.EasyX509TrustManager,class,2,4,2,2,10,1,0,11,0,0.375,1.0,1.0,4,0,4,0,0,0,4,0,0,0,2,1,0,2,0,0,1,0,2,34,1,1,4,0,3,4,5,6,1,5,2,0,0,0,88,1,2
/Users/patriziadecristofaro/Desktop/Arduino/arduino-core/src/cc/arduino/packages/discoverers/network/NetworkTopologyListener.java,cc.arduino.packages.discoverers.network.NetworkTopologyListener,interface,0,2,2,0,2,1,0,0,1,0.0,0.0,0.0,2,0,0,0,0,2,2,0,0,0,0,0,0,0,0,0,0,0,0,4,0,0,0,0,0,0,0,0,0,0,0,0,0,0,9,1,0
/Users/patriziadecristofaro/Desktop/Arduino/arduino-core/src/processing/app/helpers/OSUtils.java,processing.app.helpers.OSUtils,class,0,14,14,0,6,1,0,2,3,0.0,0.0,0.0,3,3,3,0,0,0,3,0,0,0,0,0,0,0,0,0,0,0,3,11,3,0,3,0,0,6,3,0,0,0,0,0,0,0,14,1,0
/Users/patriziadecristofaro/Desktop/Arduino/app/test/processing/app/helpers/StringReplacerTest.java,processing.app.helpers.StringReplacerTest,class,2,2,0,2,2,1,0,2,1,0.0,0.0,0.0,2,0,2,0,0,0,2,0,0,0,0,0,0,0,0,0,0,0,2,16,0,0,0,0,0,22,0,8,0,4,0,0,0,0,15,1,0
/Users/patriziadecristofaro/Desktop/Arduino/arduino-core/src/processing/app/helpers/StringReplacer.java,processing.app.helpers.StringReplacer,class,1,6,5,1,19,1,0,16,6,0.0,0.0,0.0,4,4,4,0,0,0,4,0,0,0,0,0,0,0,0,0,0,0,3,49,4,3,5,0,0,8,11,16,4,7,4,0,0,0,31,1,0
/Users/patriziadecristofaro/Desktop/Arduino/app/src/processing/app/Base.java,processing.app.Base$Anonymous1,anonymous,1,1,0,1,1,1,0,2,0,0.0,NaN,NaN,1,0,1,0,0,0,1,0,0,0,0,0,0,0,0,0,0,0,0,6,0,0,0,0,0,0,0,0,0,0,0,0,0,0,5,-1,0
/Users/patriziadecristofaro/Desktop/Arduino/app/src/processing/app/syntax/DefaultInputHandler.java,processing.app.syntax.DefaultInputHandler,class,2,5,3,2,55,3,0,30,43,0.8,0.2777778,0.2777778,10,1,9,1,0,0,9,0,0,0,2,0,0,2,0,0,0,0,14,191,19,2,25,1,5,37,16,42,4,21,4,0,0,0,133,1,0
/Users/patriziadecristofaro/Desktop/Arduino/app/src/processing/app/Editor.java,processing.app.Editor$DefaultStopHandler,innerclass,0,0,0,0,1,1,0,0,0,0.0,NaN,NaN,1,0,1,0,0,0,1,0,0,0,0,0,0,0,0,0,0,0,0,4,0,0,0,0,0,0,0,0,0,0,0,0,0,0,5,0,0
/Users/patriziadecristofaro/Desktop/Arduino/app/src/processing/app/syntax/JEditTextArea.java,processing.app.syntax.JEditTextArea$AdjustHandler,innerclass,0,0,0,0,2,1,0,1,0,0.0,NaN,NaN,1,0,1,0,0,0,1,0,0,0,0,0,0,0,0,0,0,0,1,12,1,0,0,0,0,0,0,0,0,0,1,1,0,0,13,0,0
/Users/patriziadecristofaro/Desktop/Arduino/app/src/cc/arduino/packages/formatter/AStyle.java,cc.arduino.packages.formatter.AStyle,class,8,8,0,8,7,1,0,19,2,0.5625,0.33333334,0.5,4,0,4,0,0,0,4,0,0,0,4,1,0,4,0,0,2,0,7,46,2,0,0,1,0,6,1,15,3,13,1,0,0,0,46,1,0
/Users/patriziadecristofaro/Desktop/Arduino/arduino-core/src/processing/app/Serial.java,processing.app.Serial,class,11,15,4,11,36,1,0,27,94,0.8705882,0.15441176,0.15441176,17,3,16,0,1,0,17,0,0,1,5,0,0,0,0,5,0,0,31,138,2,0,6,9,0,25,9,14,0,9,3,0,0,0,128,1,0
/Users/patriziadecristofaro/Desktop/Arduino/arduino-core/src/processing/app/legacy/PConstants.java,processing.app.legacy.PConstants,class,0,0,0,0,0,1,0,0,0,NaN,-1.0,-1.0,0,0,0,0,0,0,0,0,0,0,6,6,5,0,0,1,6,0,0,8,0,0,0,0,0,5,4,6,0,6,0,0,0,0,20,1,0
/Users/patriziadecristofaro/Desktop/Arduino/app/src/processing/app/syntax/TextAreaPainter.java,processing.app.syntax.TextAreaPainter$Highlight,interface,2,2,0,2,3,1,0,0,3,0.0,0.0,0.0,3,0,0,0,0,3,3,0,0,0,0,0,0,0,0,0,0,0,0,5,0,0,0,0,0,0,0,0,0,0,0,0,0,0,54,1,0
/Users/patriziadecristofaro/Desktop/Arduino/app/src/processing/app/Editor.java,processing.app.Editor$Anonymous30,anonymous,1,1,0,1,1,1,0,1,0,0.0,NaN,NaN,1,0,1,0,0,0,1,0,0,0,0,0,0,0,0,0,0,0,1,5,0,0,0,0,0,0,0,0,0,0,0,0,0,0,5,-1,0
/Users/patriziadecristofaro/Desktop/Arduino/app/src/processing/app/Editor.java,processing.app.Editor$Anonymous31,anonymous,2,2,0,2,1,1,0,2,0,0.0,NaN,NaN,1,0,1,0,0,0,1,0,0,0,0,0,0,0,0,0,0,0,2,5,0,0,0,0,0,1,0,0,0,0,0,0,0,0,6,-1,0
/Users/patriziadecristofaro/Desktop/Arduino/app/src/processing/app/FindReplace.java,processing.app.FindReplace$Anonymous6,anonymous,0,0,0,0,1,1,0,2,0,0.0,NaN,NaN,1,0,1,0,0,0,1,0,0,0,0,0,0,0,0,0,0,0,0,6,0,0,0,0,0,0,0,0,0,0,0,0,0,0,5,-1,0
/Users/patriziadecristofaro/Desktop/Arduino/app/src/processing/app/syntax/KeywordMap.java,processing.app.syntax.KeywordMap$Keyword,innerclass,2,2,0,2,1,1,0,0,0,0.0,NaN,NaN,1,0,1,0,0,0,1,0,0,0,3,0,3,0,0,0,0,0,0,10,0,0,0,0,0,0,0,3,0,3,0,0,0,0,4,0,0
/Users/patriziadecristofaro/Desktop/Arduino/app/src/processing/app/Editor.java,processing.app.Editor$Anonymous32,anonymous,1,1,0,1,1,1,0,1,0,0.0,NaN,NaN,1,0,1,0,0,0,1,0,0,0,0,0,0,0,0,0,0,0,0,5,0,0,0,0,0,0,0,0,0,0,0,0,0,0,5,-1,0
/Users/patriziadecristofaro/Desktop/Arduino/app/src/processing/app/Editor.java,processing.app.Editor$DefaultExportHandler,innerclass,7,7,0,7,9,1,0,16,0,0.0,NaN,NaN,1,0,1,0,0,0,1,0,0,0,0,0,0,0,0,0,0,0,4,36,0,0,2,1,0,3,1,3,0,1,3,0,0,0,30,0,0
/Users/patriziadecristofaro/Desktop/Arduino/app/src/processing/app/Editor.java,processing.app.Editor$Anonymous33,anonymous,1,1,0,1,1,1,0,1,0,0.0,NaN,NaN,1,0,1,0,0,0,1,0,0,0,0,0,0,0,0,0,0,0,0,5,0,0,0,0,0,0,0,0,0,0,0,0,0,0,7,-1,0
/Users/patriziadecristofaro/Desktop/Arduino/app/src/processing/app/FindReplace.java,processing.app.FindReplace$Anonymous4,anonymous,1,1,0,1,1,1,0,1,0,0.0,NaN,NaN,1,0,1,0,0,0,1,0,0,0,0,0,0,0,0,0,0,0,0,5,0,0,0,0,0,0,0,0,0,0,0,0,0,0,7,-1,0
/Users/patriziadecristofaro/Desktop/Arduino/app/src/processing/app/Editor.java,processing.app.Editor$Anonymous34,anonymous,1,1,0,1,1,1,0,1,0,0.0,NaN,NaN,1,0,1,0,0,0,1,0,0,0,0,0,0,0,0,0,0,0,0,5,0,0,0,0,0,0,0,0,0,0,0,0,0,0,5,-1,0
/Users/patriziadecristofaro/Desktop/Arduino/app/src/processing/app/FindReplace.java,processing.app.FindReplace$Anonymous5,anonymous,1,1,0,1,1,1,0,1,0,0.0,NaN,NaN,1,0,1,0,0,0,1,0,0,0,0,0,0,0,0,0,0,0,0,5,0,0,0,0,0,0,0,0,0,0,0,0,0,0,6,-1,0
/Users/patriziadecristofaro/Desktop/Arduino/app/src/processing/app/FindReplace.java,processing.app.FindReplace$Anonymous2,anonymous,0,0,0,0,1,1,0,1,0,0.0,NaN,NaN,1,0,1,0,0,0,1,0,0,0,0,0,0,0,0,0,0,0,0,5,0,0,0,0,0,0,0,1,0,0,0,0,0,0,7,-1,0
/Users/patriziadecristofaro/Desktop/Arduino/app/src/processing/app/Preferences.java,processing.app.Preferences$Language,innerclass,0,0,0,0,3,1,0,1,1,0.5,1.0,1.0,2,0,1,0,0,1,2,0,0,0,3,0,0,0,0,3,0,0,0,14,2,0,1,0,0,2,1,3,1,3,1,0,0,0,11,0,0
/Users/patriziadecristofaro/Desktop/Arduino/app/src/processing/app/FindReplace.java,processing.app.FindReplace$Anonymous3,anonymous,0,0,0,0,1,1,0,1,0,0.0,NaN,NaN,1,0,1,0,0,0,1,0,0,0,0,0,0,0,0,0,0,0,0,5,0,0,0,0,0,0,0,1,0,0,0,0,0,0,8,-1,0
/Users/patriziadecristofaro/Desktop/Arduino/app/src/processing/app/FindReplace.java,processing.app.FindReplace$Anonymous1,anonymous,0,0,0,0,1,1,0,1,0,0.0,NaN,NaN,1,0,1,0,0,0,1,0,0,0,0,0,0,0,0,0,0,0,0,5,0,0,0,0,0,0,0,1,0,0,0,0,0,0,7,-1,0
/Users/patriziadecristofaro/Desktop/Arduino/arduino-core/src/processing/app/PreferencesData.java,processing.app.PreferencesData,class,5,20,15,5,33,1,0,36,42,0.8,0.39166668,0.55,17,17,15,1,1,0,16,0,0,0,5,5,0,0,0,5,1,0,26,124,12,2,6,4,2,24,8,21,5,16,3,0,0,0,76,1,0
/Users/patriziadecristofaro/Desktop/Arduino/arduino-core/src/processing/app/helpers/PreferencesMap.java,processing.app.helpers.PreferencesMap,class,4,24,20,4,39,4,0,25,136,0.0,0.0,0.0,17,0,16,0,1,0,17,0,0,0,0,0,0,0,0,0,0,0,4,104,19,5,10,0,0,12,10,23,5,18,3,0,0,0,138,1,0
/Users/patriziadecristofaro/Desktop/Arduino/app/src/processing/app/SketchCodeDocument.java,processing.app.SketchCodeDocument,class,2,4,2,2,14,1,0,1,69,0.8333333,0.12087912,0.12087912,14,0,14,0,0,0,14,0,0,0,6,0,0,6,0,0,0,0,0,51,6,0,0,0,0,0,0,9,0,6,0,0,0,0,23,1,0
/Users/patriziadecristofaro/Desktop/Arduino/arduino-core/src/processing/app/helpers/UserNotifier.java,processing.app.helpers.UserNotifier,class,1,5,4,1,5,1,2,1,10,0.0,0.0,0.0,5,0,5,0,0,0,5,3,0,0,0,0,0,0,0,0,0,0,0,11,0,0,0,0,0,0,1,0,0,0,0,0,0,0,12,1025,0
/Users/patriziadecristofaro/Desktop/Arduino/arduino-core/src/processing/app/debug/RunnerException.java,processing.app.debug.RunnerException,class,0,7,7,0,22,3,0,1,71,0.74736845,0.29239765,1.0,19,0,19,0,0,0,19,0,0,0,5,0,0,0,5,0,0,0,0,71,6,0,2,0,0,1,6,12,0,5,1,0,0,0,62,1,0
/Users/patriziadecristofaro/Desktop/Arduino/app/src/processing/app/Editor.java,processing.app.Editor$Anonymous24,anonymous,1,1,0,1,1,1,0,2,0,0.0,NaN,NaN,1,0,1,0,0,0,1,0,0,0,0,0,0,0,0,0,0,0,0,5,1,0,0,0,0,0,0,0,1,0,0,0,0,0,4,-1,0
/Users/patriziadecristofaro/Desktop/Arduino/app/src/processing/app/Editor.java,processing.app.Editor$Anonymous25,anonymous,1,1,0,1,1,1,0,1,0,0.0,NaN,NaN,1,0,1,0,0,0,1,0,0,0,0,0,0,0,0,0,0,0,1,5,0,0,0,0,0,0,0,0,0,0,0,0,0,0,5,-1,0
/Users/patriziadecristofaro/Desktop/Arduino/app/src/processing/app/Editor.java,processing.app.Editor$Anonymous26,anonymous,1,1,0,1,1,1,0,1,0,0.0,NaN,NaN,1,0,1,0,0,0,1,0,0,0,0,0,0,0,0,0,0,0,1,5,0,0,0,0,0,0,0,0,0,0,0,0,0,0,5,-1,0
/Users/patriziadecristofaro/Desktop/Arduino/app/src/processing/app/helpers/GUIUserNotifier.java,processing.app.helpers.GUIUserNotifier,class,2,3,1,2,8,2,0,4,3,0.0,0.0,0.0,3,0,3,0,0,0,3,0,0,0,0,0,0,0,0,0,0,0,7,17,0,0,5,0,0,3,0,3,0,0,1,0,0,0,52,1,0
/Users/patriziadecristofaro/Desktop/Arduino/arduino-core/src/processing/app/packages/LibraryList.java,processing.app.packages.LibraryList,class,3,7,4,3,20,4,0,10,36,0.0,0.0,0.0,9,0,9,0,0,0,9,0,0,0,0,0,0,0,0,0,0,0,2,41,6,5,1,0,0,1,0,3,0,3,2,0,0,0,30,1,0
/Users/patriziadecristofaro/Desktop/Arduino/app/src/processing/app/Editor.java,processing.app.Editor$Anonymous27,anonymous,1,1,0,1,1,1,0,1,0,0.0,NaN,NaN,1,0,1,0,0,0,1,0,0,0,0,0,0,0,0,0,0,0,1,5,0,0,0,0,0,0,0,0,0,0,0,0,0,0,5,-1,0
/Users/patriziadecristofaro/Desktop/Arduino/arduino-core/src/processing/app/linux/UDevAdmParser.java,processing.app.linux.UDevAdmParser,class,0,2,2,0,3,1,0,3,0,0.0,NaN,NaN,1,0,1,0,0,0,1,0,0,0,0,0,0,0,0,0,0,0,0,10,2,0,2,0,1,4,0,3,1,3,1,0,0,0,21,1,0
/Users/patriziadecristofaro/Desktop/Arduino/app/src/processing/app/Editor.java,processing.app.Editor$Anonymous28,anonymous,1,1,0,1,1,1,0,1,0,0.0,NaN,NaN,1,0,1,0,0,0,1,0,0,0,0,0,0,0,0,0,0,0,1,5,0,0,0,0,0,0,0,0,0,0,0,0,0,0,5,-1,0
/Users/patriziadecristofaro/Desktop/Arduino/app/src/processing/app/Editor.java,processing.app.Editor$Anonymous29,anonymous,1,1,0,1,1,1,0,1,0,0.0,NaN,NaN,1,0,1,0,0,0,1,0,0,0,0,0,0,0,0,0,0,0,0,5,0,0,0,0,0,0,0,0,0,0,0,0,0,0,8,-1,0
/Users/patriziadecristofaro/Desktop/Arduino/arduino-core/src/processing/app/SerialException.java,processing.app.SerialException,class,0,2,2,0,4,4,1,0,6,0.0,0.0,0.0,4,0,4,0,0,0,4,0,0,0,0,0,0,0,0,0,0,0,0,14,0,0,0,0,0,1,0,0,0,0,0,0,0,0,7,1,0
/Users/patriziadecristofaro/Desktop/Arduino/arduino-core/src/processing/app/SketchData.java,processing.app.SketchData,class,4,9,5,4,45,1,0,42,137,0.8447204,0.22924902,0.3201581,23,1,18,0,4,1,23,0,0,0,7,1,0,7,0,0,1,0,5,145,20,7,3,0,1,15,11,22,7,20,4,1,0,0,135,1,0
/Users/patriziadecristofaro/Desktop/Arduino/app/src/processing/app/SerialMonitor.java,processing.app.SerialMonitor,class,7,10,3,7,13,7,0,18,0,0.41666666,0.6666667,1.0,4,0,3,1,0,0,3,0,0,0,3,0,0,3,0,0,1,0,7,76,1,0,4,0,0,14,4,9,1,5,2,3,0,0,31,1,0
/Users/patriziadecristofaro/Desktop/Arduino/app/src/processing/app/Theme.java,processing.app.Theme,class,6,18,12,6,14,1,0,19,22,0.625,0.33333334,0.42424244,12,12,11,0,1,0,12,0,0,0,2,2,0,0,0,2,0,0,17,59,7,0,1,1,0,10,2,11,2,10,1,0,0,0,62,1,0
/Users/patriziadecristofaro/Desktop/Arduino/app/src/processing/app/Editor.java,processing.app.Editor$Anonymous20,anonymous,0,0,0,0,2,1,0,2,0,0.0,NaN,NaN,1,0,1,0,0,0,1,0,0,0,0,0,0,0,0,0,0,0,0,9,2,0,0,0,0,1,0,1,0,1,1,0,0,0,5,-1,0
/Users/patriziadecristofaro/Desktop/Arduino/app/src/processing/app/Editor.java,processing.app.Editor$Anonymous21,anonymous,0,0,0,0,1,1,0,2,0,0.0,NaN,NaN,1,0,1,0,0,0,1,0,0,0,0,0,0,0,0,0,0,0,0,5,1,0,0,0,1,2,0,0,0,0,0,0,0,0,3,-1,0
/Users/patriziadecristofaro/Desktop/Arduino/arduino-core/src/processing/app/macosx/SystemProfilerParser.java,processing.app.macosx.SystemProfilerParser,class,0,2,2,0,19,1,0,15,0,0.33333334,1.0,1.0,2,0,2,0,0,0,2,0,0,0,12,8,0,12,0,0,12,0,4,72,2,1,1,0,8,23,11,33,3,22,3,0,0,0,46,1,0
/Users/patriziadecristofaro/Desktop/Arduino/app/src/processing/app/Editor.java,processing.app.Editor$Anonymous22,anonymous,0,0,0,0,1,1,0,1,0,0.0,NaN,NaN,1,0,1,0,0,0,1,0,0,0,0,0,0,0,0,0,0,0,1,5,0,0,0,0,0,0,0,0,0,0,0,0,0,0,6,-1,0
/Users/patriziadecristofaro/Desktop/Arduino/arduino-core/src/cc/arduino/packages/ssh/SSHConfigFileSetup.java,cc.arduino.packages.ssh.SSHConfigFileSetup,class,9,11,2,9,6,1,0,10,0,0.0,1.0,1.0,2,0,2,0,0,0,2,0,0,0,1,0,0,1,0,0,1,0,1,59,2,0,1,0,0,6,0,6,1,6,2,0,2,0,33,1,0
/Users/patriziadecristofaro/Desktop/Arduino/app/src/processing/app/Editor.java,processing.app.Editor$Anonymous23,anonymous,0,0,0,0,1,1,0,1,0,0.0,NaN,NaN,1,0,1,0,0,0,1,0,0,0,0,0,0,0,0,0,0,0,1,5,0,0,0,0,0,0,0,0,0,0,0,0,0,0,6,-1,0
/Users/patriziadecristofaro/Desktop/Arduino/arduino-core/src/cc/arduino/packages/uploaders/SSHUploader.java,cc.arduino.packages.uploaders.SSHUploader,class,18,21,3,18,31,2,0,39,30,0.7777778,0.3,0.3,9,0,5,4,0,0,5,0,0,0,2,1,0,2,0,0,2,0,10,124,10,1,3,3,0,29,1,17,5,14,3,0,0,0,93,1,0
/Users/patriziadecristofaro/Desktop/Arduino/app/src/processing/app/syntax/InputHandler.java,processing.app.syntax.InputHandler$delete_word,innerclass,3,3,0,3,5,1,0,16,0,0.0,NaN,NaN,1,0,1,0,0,0,1,0,0,0,0,0,0,0,0,0,0,0,2,30,1,0,3,1,1,2,0,8,4,7,2,0,0,0,25,9,0
/Users/patriziadecristofaro/Desktop/Arduino/app/src/processing/app/syntax/InputHandler.java,processing.app.syntax.InputHandler$prev_page,innerclass,2,2,0,2,4,1,0,10,0,0.0,1.0,1.0,2,0,2,0,0,0,2,0,0,0,1,0,0,1,0,0,0,0,2,17,0,0,0,0,0,0,1,7,2,6,1,0,0,0,21,9,0
/Users/patriziadecristofaro/Desktop/Arduino/arduino-core/src/cc/arduino/packages/Discovery.java,cc.arduino.packages.Discovery,interface,2,6,4,2,4,1,0,0,6,0.0,0.0,0.0,4,0,4,0,0,0,4,0,0,0,0,0,0,0,0,0,0,0,0,6,0,0,0,0,0,0,0,0,0,0,0,0,0,0,19,1,0
/Users/patriziadecristofaro/Desktop/Arduino/app/src/processing/app/Editor.java,processing.app.Editor$Anonymous13,anonymous,1,1,0,1,1,1,0,1,0,0.0,NaN,NaN,1,0,1,0,0,0,1,0,0,0,0,0,0,0,0,0,0,0,0,5,0,0,0,0,0,0,0,0,0,0,0,0,0,0,5,-1,0
/Users/patriziadecristofaro/Desktop/Arduino/app/src/processing/app/syntax/JEditTextArea.java,processing.app.syntax.JEditTextArea$AdjustHandler$Anonymous3,anonymous,1,1,0,1,2,1,0,4,0,0.0,NaN,NaN,1,0,1,0,0,0,1,0,0,0,0,0,0,0,0,0,0,0,0,6,0,0,1,0,0,0,0,0,0,0,1,0,0,0,7,-1,0
/Users/patriziadecristofaro/Desktop/Arduino/app/src/processing/app/SerialMonitor.java,processing.app.SerialMonitor$Anonymous3,anonymous,2,2,0,2,1,1,0,1,0,0.0,NaN,NaN,1,0,0,0,1,0,1,0,0,0,0,0,0,0,0,0,0,0,0,5,0,0,0,0,0,0,0,0,0,0,0,0,0,0,6,-1,0
/Users/patriziadecristofaro/Desktop/Arduino/app/src/processing/app/Editor.java,processing.app.Editor$Anonymous14,anonymous,1,1,0,1,1,1,0,1,0,0.0,NaN,NaN,1,0,1,0,0,0,1,0,0,0,0,0,0,0,0,0,0,0,0,5,0,0,0,0,0,0,0,0,0,0,0,0,0,0,8,-1,0
/Users/patriziadecristofaro/Desktop/Arduino/app/src/processing/app/Editor.java,processing.app.Editor$Anonymous15,anonymous,2,2,0,2,1,1,0,2,0,0.0,NaN,NaN,1,0,1,0,0,0,1,0,0,0,0,0,0,0,0,0,0,0,1,5,0,0,0,0,0,0,0,0,0,0,0,0,0,0,5,-1,0
/Users/patriziadecristofaro/Desktop/Arduino/app/src/processing/app/Editor.java,processing.app.Editor$Anonymous16,anonymous,1,1,0,1,1,1,0,1,0,0.0,NaN,NaN,1,0,1,0,0,0,1,0,0,0,0,0,0,0,0,0,0,0,0,5,0,0,0,0,0,0,0,0,0,0,0,0,0,0,5,-1,0
/Users/patriziadecristofaro/Desktop/Arduino/app/src/processing/app/Editor.java,processing.app.Editor$Anonymous17,anonymous,1,1,0,1,1,1,0,1,0,0.0,NaN,NaN,1,0,1,0,0,0,1,0,0,0,0,0,0,0,0,0,0,0,0,5,0,0,0,0,0,0,0,0,0,0,0,0,0,0,7,-1,0
/Users/patriziadecristofaro/Desktop/Arduino/app/src/processing/app/Editor.java,processing.app.Editor$Anonymous18,anonymous,1,1,0,1,1,1,0,1,0,0.0,NaN,NaN,1,0,1,0,0,0,1,0,0,0,0,0,0,0,0,0,0,0,0,5,0,0,0,0,0,0,0,0,0,0,0,0,0,0,8,-1,0
/Users/patriziadecristofaro/Desktop/Arduino/app/src/processing/app/SerialMonitor.java,processing.app.SerialMonitor$Anonymous2,anonymous,1,1,0,1,1,1,0,3,0,0.0,NaN,NaN,1,0,1,0,0,0,1,0,0,0,0,0,0,0,0,0,0,0,0,6,0,0,0,0,0,1,0,0,0,0,0,0,0,0,6,-1,0
/Users/patriziadecristofaro/Desktop/Arduino/app/src/processing/app/Editor.java,processing.app.Editor$Anonymous19,anonymous,1,1,0,1,3,1,0,1,3,0.0,0.0,0.0,3,0,3,0,0,0,3,0,0,0,0,0,0,0,0,0,0,0,0,9,0,0,0,0,0,0,0,0,0,0,0,0,0,0,9,-1,0
/Users/patriziadecristofaro/Desktop/Arduino/app/src/processing/app/SerialMonitor.java,processing.app.SerialMonitor$Anonymous1,anonymous,2,2,0,2,3,1,0,9,0,0.0,NaN,NaN,1,0,1,0,0,0,1,0,0,0,0,0,0,0,0,0,0,0,3,18,0,0,0,1,0,1,2,3,0,2,1,0,0,0,15,-1,0
/Users/patriziadecristofaro/Desktop/Arduino/app/src/processing/app/syntax/InputHandler.java,processing.app.syntax.InputHandler$document_home,innerclass,2,2,0,2,3,1,0,4,0,0.0,1.0,1.0,2,0,2,0,0,0,2,0,0,0,1,0,0,1,0,0,0,0,1,11,0,0,0,0,0,0,2,2,0,2,1,0,0,0,15,9,0
/Users/patriziadecristofaro/Desktop/Arduino/app/src/processing/app/syntax/InputHandler.java,processing.app.syntax.InputHandler$insert_tab,innerclass,2,2,0,2,2,1,0,5,0,0.0,NaN,NaN,1,0,1,0,0,0,1,0,0,0,0,0,0,0,0,0,0,0,1,10,1,0,0,0,0,1,0,1,0,1,1,0,0,0,14,9,0
/Users/patriziadecristofaro/Desktop/Arduino/app/src/processing/app/syntax/im/InputMethodSupport.java,processing.app.syntax.im.InputMethodSupport,class,3,5,2,3,22,1,0,22,30,0.61538464,0.24444444,0.33333334,13,0,10,3,0,0,10,0,0,0,2,0,0,2,0,0,0,0,1,68,18,0,3,0,4,1,2,4,2,3,1,0,0,0,90,1,0
/Users/patriziadecristofaro/Desktop/Arduino/app/src/processing/app/Editor.java,processing.app.Editor$Anonymous10,anonymous,1,1,0,1,1,1,0,1,0,0.0,NaN,NaN,1,0,1,0,0,0,1,0,0,0,0,0,0,0,0,0,0,0,0,5,0,0,0,0,0,0,0,0,0,0,0,0,0,0,8,-1,0
/Users/patriziadecristofaro/Desktop/Arduino/app/src/processing/app/syntax/InputHandler.java,processing.app.syntax.InputHandler$next_page,innerclass,2,2,0,2,4,1,0,11,0,0.0,1.0,1.0,2,0,2,0,0,0,2,0,0,0,1,0,0,1,0,0,0,0,2,19,0,0,0,0,0,0,2,9,5,7,1,0,0,0,22,9,0
/Users/patriziadecristofaro/Desktop/Arduino/arduino-core/src/processing/app/Platform.java,processing.app.Platform,class,11,21,10,11,30,1,3,28,136,0.0,0.0,0.0,17,0,15,0,2,0,17,0,0,0,0,0,0,0,0,0,0,0,11,102,13,7,3,0,0,10,2,12,1,12,6,0,1,0,197,1,0
/Users/patriziadecristofaro/Desktop/Arduino/app/src/processing/app/Editor.java,processing.app.Editor$Anonymous11,anonymous,1,1,0,1,1,1,0,1,0,0.0,NaN,NaN,1,0,1,0,0,0,1,0,0,0,0,0,0,0,0,0,0,0,0,5,0,0,0,0,0,0,0,0,0,0,0,0,0,0,7,-1,0
/Users/patriziadecristofaro/Desktop/Arduino/app/src/processing/app/syntax/SyntaxUtilities.java,processing.app.syntax.SyntaxUtilities,class,4,9,5,4,27,1,0,24,28,0.875,0.0,0.0,8,7,6,2,0,0,6,0,0,0,1,1,0,1,0,0,0,0,15,96,13,3,7,0,0,6,27,51,5,25,3,0,0,0,140,1,0
/Users/patriziadecristofaro/Desktop/Arduino/app/src/processing/app/EditorConsole.java,processing.app.EditorConsole$Anonymous1,anonymous,0,0,0,0,1,1,0,1,0,0.0,NaN,NaN,1,0,1,0,0,0,1,0,0,0,0,0,0,0,0,0,0,0,1,13,0,0,0,0,0,0,0,0,0,0,0,1,0,0,6,-1,0
/Users/patriziadecristofaro/Desktop/Arduino/app/src/processing/app/Editor.java,processing.app.Editor$Anonymous12,anonymous,1,1,0,1,1,1,0,1,0,0.0,NaN,NaN,1,0,1,0,0,0,1,0,0,0,0,0,0,0,0,0,0,0,0,5,0,0,0,0,0,0,0,0,0,0,0,0,0,0,5,-1,0
/Users/patriziadecristofaro/Desktop/Arduino/arduino-core/src/processing/app/windows/Advapi32.java,processing.app.windows.Advapi32$Handler,interface,1,1,0,1,1,1,0,0,0,0.0,NaN,NaN,1,0,1,0,0,0,1,0,0,0,0,0,0,0,0,0,0,0,0,3,0,0,0,0,0,0,0,0,0,0,0,0,0,0,7,0,0
/Users/patriziadecristofaro/Desktop/Arduino/arduino-core/src/processing/app/debug/MessageConsumer.java,processing.app.debug.MessageConsumer,interface,0,6,6,0,1,1,0,0,0,0.0,NaN,NaN,1,0,1,0,0,0,1,0,0,0,0,0,0,0,0,0,0,0,0,3,0,0,0,0,0,0,0,0,0,0,0,0,0,0,41,1,0
/Users/patriziadecristofaro/Desktop/Arduino/app/src/processing/app/tools/MenuScroller.java,processing.app.tools.MenuScroller,class,4,11,7,4,49,7,0,29,0,0.7944444,0.56613755,0.9285714,30,9,28,2,0,0,28,0,0,0,12,0,0,12,0,0,2,0,5,269,15,3,6,0,3,5,27,38,11,27,1,0,5,0,153,1,0
/Users/patriziadecristofaro/Desktop/Arduino/app/src/processing/app/syntax/InputHandler.java,processing.app.syntax.InputHandler$clipboard_cut,innerclass,2,2,0,2,1,1,0,2,0,0.0,NaN,NaN,1,0,1,0,0,0,1,0,0,0,0,0,0,0,0,0,0,0,1,5,0,0,0,0,0,0,0,0,0,0,0,0,0,0,11,9,0
/Users/patriziadecristofaro/Desktop/Arduino/app/src/processing/app/EditorListener.java,processing.app.EditorListener,class,6,9,3,6,108,1,0,35,20,0.7638889,0.14285715,0.21428572,8,0,4,0,4,0,8,0,0,0,9,1,0,8,0,1,1,0,9,331,23,14,52,0,50,8,69,75,18,54,5,0,0,0,178,1,0
/Users/patriziadecristofaro/Desktop/Arduino/arduino-core/src/processing/app/SerialNotFoundException.java,processing.app.SerialNotFoundException,class,1,2,1,1,4,5,0,0,6,0.0,0.0,0.0,4,0,4,0,0,0,4,0,0,0,0,0,0,0,0,0,0,0,0,14,0,0,0,0,0,1,0,0,0,0,0,0,0,0,7,1,0
/Users/patriziadecristofaro/Desktop/Arduino/app/src/processing/app/debug/RunnerListener.java,processing.app.debug.RunnerListener,interface,0,1,1,0,3,1,0,0,3,0.0,0.0,0.0,3,0,3,0,0,0,3,0,0,0,0,0,0,0,0,0,0,0,0,5,0,0,0,0,0,0,0,0,0,0,0,0,0,0,8,1,0
/Users/patriziadecristofaro/Desktop/Arduino/app/src/processing/app/LastUndoableEditAwareUndoManager.java,processing.app.LastUndoableEditAwareUndoManager,class,0,4,4,0,4,4,0,4,0,0.0,1.0,1.0,4,0,4,0,0,0,4,0,0,2,1,0,0,1,0,0,0,0,0,17,1,0,0,0,0,1,0,3,0,1,0,0,0,0,14,1,0
/Users/patriziadecristofaro/Desktop/Arduino/arduino-core/src/cc/arduino/packages/DiscoveryManager.java,cc.arduino.packages.DiscoveryManager,class,6,11,5,6,8,1,0,13,1,0.33333334,0.33333334,0.33333334,3,0,3,0,0,0,3,0,0,0,1,0,0,1,0,0,1,0,2,46,3,3,0,1,0,1,0,3,1,3,2,1,0,0,22,1,0
/Users/patriziadecristofaro/Desktop/Arduino/app/src/processing/app/syntax/InputHandler.java,processing.app.syntax.InputHandler,class,31,61,30,31,36,2,1,19,151,0.99095607,0.0877193,0.21637426,18,4,17,0,1,0,19,5,0,0,43,39,38,1,4,0,38,0,6,647,10,3,6,0,3,40,6,58,0,53,5,0,29,0,217,1025,0
/Users/patriziadecristofaro/Desktop/Arduino/app/test/processing/app/ReplacingTextGeneratesTwoUndoActionsTest.java,processing.app.ReplacingTextGeneratesTwoUndoActionsTest,class,5,5,0,5,1,2,0,8,0,0.0,NaN,NaN,1,0,1,0,0,0,1,0,0,0,0,0,0,0,0,0,0,0,0,20,0,0,0,0,0,5,0,3,0,3,0,0,0,0,25,1,0
/Users/patriziadecristofaro/Desktop/Arduino/arduino-core/src/processing/app/packages/Library.java,processing.app.packages.Library,class,4,13,9,4,46,1,0,19,134,0.8630952,0.07017544,0.28070176,21,4,19,2,0,0,19,0,0,0,16,3,1,15,0,0,3,0,6,166,26,4,4,0,1,75,0,48,12,30,3,1,1,0,117,1,0
/Users/patriziadecristofaro/Desktop/Arduino/app/test/processing/app/TestHelper.java,processing.app.TestHelper,class,0,2,2,0,2,1,0,5,0,0.0,NaN,NaN,1,1,1,0,0,0,1,0,0,0,0,0,0,0,0,0,0,0,0,16,1,1,1,1,1,0,0,3,0,3,2,0,0,0,18,1,0
/Users/patriziadecristofaro/Desktop/Arduino/arduino-core/src/processing/app/windows/Platform.java,processing.app.windows.Platform$WinLibC,interface,1,1,0,1,1,1,0,0,0,0.0,NaN,NaN,1,0,1,0,0,0,1,0,0,0,0,0,0,0,0,0,0,0,0,3,0,0,0,0,0,0,0,0,0,0,0,0,0,0,6,1,0
/Users/patriziadecristofaro/Desktop/Arduino/arduino-core/src/processing/app/helpers/PreferencesHelper.java,processing.app.helpers.PreferencesHelper,class,1,3,2,1,10,1,0,10,3,0.0,0.0,0.0,3,3,3,0,0,0,3,0,0,0,0,0,0,0,0,0,0,0,3,32,5,0,3,2,0,6,10,9,1,5,2,0,0,0,31,1025,0
/Users/patriziadecristofaro/Desktop/Arduino/arduino-core/src/processing/app/packages/Library.java,processing.app.packages.Library$LibraryLayout,enum,0,0,0,0,0,1,0,0,0,0.0,-1.0,-1.0,0,0,0,0,0,0,0,0,0,0,0,0,0,0,0,0,0,0,0,1,0,0,0,0,0,0,0,0,0,0,0,0,0,0,10,2,0
/Users/patriziadecristofaro/Desktop/Arduino/app/test/processing/app/ReduceIndentWith1CharOnLastLineTest.java,processing.app.ReduceIndentWith1CharOnLastLineTest,class,6,6,0,6,1,2,0,11,0,0.0,NaN,NaN,1,0,1,0,0,0,1,0,0,0,0,0,0,0,0,0,0,0,0,12,0,0,0,0,0,5,1,3,0,3,0,0,0,0,34,1,0
/Users/patriziadecristofaro/Desktop/Arduino/app/test/processing/app/linux/UDevAdmParserTest.java,processing.app.linux.UDevAdmParserTest,class,4,5,1,4,1,1,0,4,0,0.0,NaN,NaN,1,0,1,0,0,0,1,0,0,0,0,0,0,0,0,0,0,0,1,6,0,0,0,0,0,2,0,1,0,1,0,0,0,0,12,1,0
/Users/patriziadecristofaro/Desktop/Arduino/arduino-core/src/cc/arduino/packages/ssh/SSHConfigFileSetup.java,cc.arduino.packages.ssh.SSHConfigFileSetup$ConfigWrapper,innerclass,2,2,0,2,7,1,0,4,0,0.4166667,0.73333335,1.0,6,0,6,0,0,0,6,0,0,0,2,0,0,2,0,0,2,0,0,27,6,0,1,0,0,1,0,3,0,3,1,0,0,0,14,9,0
/Users/patriziadecristofaro/Desktop/Arduino/app/src/processing/app/Editor.java,processing.app.Editor$BuildHandler,innerclass,5,5,0,5,5,1,0,10,1,0.33333334,0.33333334,0.33333334,3,0,3,0,0,0,3,0,0,0,1,0,0,1,0,0,1,0,3,25,0,0,0,1,0,2,0,1,0,1,1,0,0,0,16,0,0
/Users/patriziadecristofaro/Desktop/Arduino/app/test/processing/app/helpers/JEditTextAreaComponentDriver.java,processing.app.helpers.JEditTextAreaComponentDriver$Anonymous5,anonymous,1,1,0,1,1,1,0,1,0,0.0,NaN,NaN,1,0,0,0,1,0,1,0,0,0,0,0,0,0,0,0,0,0,0,6,1,0,0,0,0,0,0,0,0,0,0,0,0,0,12,-1,0
/Users/patriziadecristofaro/Desktop/Arduino/app/src/processing/app/syntax/JEditTextArea.java,processing.app.syntax.JEditTextArea$MouseHandler,innerclass,4,4,0,4,27,2,0,34,6,0.0,NaN,NaN,4,0,1,3,0,0,1,0,0,0,0,0,0,0,0,0,0,0,3,95,5,0,10,3,5,0,11,22,2,10,5,0,0,0,68,0,0
/Users/patriziadecristofaro/Desktop/Arduino/arduino-core/src/processing/app/debug/MessageSiphon.java,processing.app.debug.MessageSiphon,class,1,5,4,1,20,1,0,15,0,0.48000002,0.7,1.0,5,0,5,0,0,0,5,0,0,0,5,0,0,5,0,0,2,0,3,67,2,2,8,1,3,1,11,14,4,11,4,0,0,0,42,1,0
/Users/patriziadecristofaro/Desktop/Arduino/arduino-core/src/cc/arduino/packages/BoardPort.java,cc.arduino.packages.BoardPort,class,1,19,18,1,10,1,0,0,35,0.8,0.11111111,0.11111111,10,0,10,0,0,0,10,0,0,0,5,0,0,5,0,0,0,0,0,37,5,0,0,0,0,0,0,5,0,5,0,0,0,0,16,1,0
/Users/patriziadecristofaro/Desktop/Arduino/app/test/processing/app/helpers/JEditTextAreaComponentDriver.java,processing.app.helpers.JEditTextAreaComponentDriver$Anonymous3,anonymous,1,1,0,1,1,1,0,1,0,0.0,NaN,NaN,1,0,0,0,1,0,1,0,0,0,0,0,0,0,0,0,0,0,0,6,1,0,0,0,0,0,0,0,0,0,0,0,0,0,10,-1,0
/Users/patriziadecristofaro/Desktop/Arduino/app/src/processing/app/syntax/JEditTextArea.java,processing.app.syntax.JEditTextArea$ScrollLayout,innerclass,0,0,0,0,15,1,0,12,10,0.8,1.0,1.0,5,0,5,0,0,0,5,0,0,0,5,0,0,5,0,0,0,0,0,79,2,1,4,0,0,0,1,52,10,31,5,0,0,0,52,0,0
/Users/patriziadecristofaro/Desktop/Arduino/arduino-core/src/processing/app/debug/TargetPackage.java,processing.app.debug.TargetPackage,class,4,14,10,4,11,1,0,12,0,0.4,0.7,1.0,5,0,5,0,0,0,5,0,0,0,2,0,0,1,0,1,0,0,2,35,5,1,2,1,0,1,1,5,0,5,2,0,0,0,28,1,0
/Users/patriziadecristofaro/Desktop/Arduino/app/test/processing/app/helpers/JEditTextAreaComponentDriver.java,processing.app.helpers.JEditTextAreaComponentDriver$Anonymous4,anonymous,1,1,0,1,1,1,0,1,0,0.0,NaN,NaN,1,0,0,0,1,0,1,0,0,0,0,0,0,0,0,0,0,0,0,5,1,0,0,0,0,0,0,0,0,0,0,0,0,0,6,-1,0
/Users/patriziadecristofaro/Desktop/Arduino/app/test/processing/app/helpers/JEditTextAreaComponentDriver.java,processing.app.helpers.JEditTextAreaComponentDriver$Anonymous1,anonymous,1,1,0,1,1,1,0,1,0,0.0,NaN,NaN,1,0,0,0,1,0,1,0,0,0,0,0,0,0,0,0,0,0,0,6,1,0,0,0,0,0,0,0,0,0,0,0,0,0,11,-1,0
/Users/patriziadecristofaro/Desktop/Arduino/app/test/processing/app/helpers/JEditTextAreaComponentDriver.java,processing.app.helpers.JEditTextAreaComponentDriver$Anonymous2,anonymous,1,1,0,1,1,1,0,1,0,0.0,NaN,NaN,1,0,0,0,1,0,1,0,0,0,0,0,0,0,0,0,0,0,0,5,1,0,0,0,0,0,0,0,0,0,0,0,0,0,5,-1,0
/Users/patriziadecristofaro/Desktop/Arduino/arduino-core/src/processing/app/windows/Advapi32.java,processing.app.windows.Advapi32$SERVICE_STATUS,innerclass,1,1,0,1,0,2,0,0,0,NaN,-1.0,-1.0,0,0,0,0,0,0,0,0,0,0,7,0,7,0,0,0,0,0,0,9,0,0,0,0,0,0,0,0,0,7,0,0,0,0,26,9,0
/Users/patriziadecristofaro/Desktop/Arduino/app/src/processing/app/tools/Archiver.java,processing.app.tools.Archiver,class,6,7,1,6,15,1,0,33,4,0.6,0.16666667,0.16666667,4,0,4,0,0,0,4,0,0,0,5,0,0,0,0,5,0,0,8,95,3,2,2,2,4,17,4,32,10,26,2,0,0,0,60,1,0
/Users/patriziadecristofaro/Desktop/Arduino/app/src/processing/app/Editor.java,processing.app.Editor$RedoAction,innerclass,7,7,0,7,7,2,0,14,3,0.0,0.0,0.0,3,0,2,0,1,0,3,0,0,0,0,0,0,0,0,0,0,0,1,33,0,0,1,1,0,3,0,1,0,1,1,0,0,0,23,0,0
/Users/patriziadecristofaro/Desktop/Arduino/app/src/processing/app/javax/swing/filechooser/FileNameExtensionFilter.java,processing.app.javax.swing.filechooser.FileNameExtensionFilter,class,1,2,1,1,10,2,0,7,0,0.33333334,0.6666667,1.0,3,0,3,0,0,0,3,0,0,0,2,0,0,2,0,0,2,0,0,33,5,2,1,0,0,0,4,7,2,6,3,0,0,0,17,1,0
/Users/patriziadecristofaro/Desktop/Arduino/arduino-core/src/processing/app/tools/ExternalProcessExecutor.java,processing.app.tools.ExternalProcessExecutor$Anonymous1,anonymous,1,1,0,1,6,1,0,2,10,0.0,0.0,0.0,5,0,5,0,0,0,5,0,0,0,0,0,0,0,0,0,0,0,0,17,0,1,1,0,1,0,4,3,0,2,1,0,0,0,15,-1,0
/Users/patriziadecristofaro/Desktop/Arduino/arduino-core/src/cc/arduino/packages/DiscoveryManager.java,cc.arduino.packages.DiscoveryManager$Anonymous1,anonymous,1,1,0,1,3,1,0,2,0,0.0,NaN,NaN,1,0,1,0,0,0,1,0,0,0,0,0,0,0,0,0,0,0,0,12,0,1,0,1,0,0,0,0,0,0,2,0,0,0,6,-1,0
/Users/patriziadecristofaro/Desktop/Arduino/app/test/processing/app/preproc/PdePreprocessorTest.java,processing.app.preproc.PdePreprocessorTest,class,4,5,1,4,6,1,0,9,15,0.0,0.0,0.0,6,0,6,0,0,0,6,0,0,0,0,0,0,0,0,0,0,0,18,88,0,0,0,0,0,32,20,36,0,36,0,0,0,0,40,1,0
/Users/patriziadecristofaro/Desktop/Arduino/app/src/processing/app/syntax/JEditTextArea.java,processing.app.syntax.JEditTextArea$MutableCaretEvent,innerclass,1,1,0,1,3,2,0,2,3,0.0,0.0,0.0,3,0,2,0,0,1,3,0,0,0,0,0,0,0,0,0,0,0,0,11,2,0,0,0,0,0,0,0,0,0,0,0,0,0,7,0,0
/Users/patriziadecristofaro/Desktop/Arduino/app/src/processing/app/syntax/JEditTextArea.java,processing.app.syntax.JEditTextArea$FocusHandler,innerclass,1,1,0,1,2,1,0,1,1,0.0,0.0,0.0,2,0,2,0,0,0,2,0,0,0,0,0,0,0,0,0,0,0,0,10,0,0,0,0,0,0,0,2,0,0,0,0,0,0,16,0,0
/Users/patriziadecristofaro/Desktop/Arduino/arduino-core/src/processing/app/windows/WINBASE.java,processing.app.windows.WINBASE,interface,1,1,0,1,0,3,0,0,0,0.0,-1.0,-1.0,0,0,0,0,0,0,0,0,0,0,0,0,0,0,0,0,0,0,0,11,0,0,0,0,0,0,0,0,0,0,0,0,2,0,8,1,0
/Users/patriziadecristofaro/Desktop/Arduino/app/src/processing/app/syntax/im/CompositionTextPainter.java,processing.app.syntax.im.CompositionTextPainter,class,3,6,3,3,9,1,0,14,0,0.42857146,1.0,1.0,7,0,5,2,0,0,5,0,0,0,3,0,0,3,0,0,0,0,0,46,2,0,2,0,3,0,1,21,6,15,0,0,0,0,148,1,0
/Users/patriziadecristofaro/Desktop/Arduino/app/src/processing/app/debug/TextAreaFIFO.java,processing.app.debug.TextAreaFIFO,class,0,2,2,0,13,6,0,8,7,0.6428572,0.33333334,0.47619048,7,0,7,0,0,0,7,0,0,0,4,0,0,4,0,0,0,0,1,51,1,0,0,1,0,0,8,11,3,7,2,1,0,0,37,1,0
/Users/patriziadecristofaro/Desktop/Arduino/app/test/processing/app/debug/UploaderFactoryTest.java,processing.app.debug.UploaderFactoryTest,class,11,11,0,11,4,2,0,9,0,0.0,1.0,1.0,4,0,4,0,0,0,4,0,0,0,1,0,0,1,0,0,0,0,0,33,0,0,0,0,0,18,0,10,0,10,0,0,0,0,33,1,0
/Users/patriziadecristofaro/Desktop/Arduino/app/src/processing/app/tools/MenuScroller.java,processing.app.tools.MenuScroller$MenuScrollListener,innerclass,2,2,0,2,11,1,0,8,10,0.0,0.0,0.0,5,0,3,2,0,0,3,0,0,0,0,0,0,0,0,0,0,0,2,27,0,1,0,0,1,0,1,3,5,0,1,0,0,0,27,2,0
/Users/patriziadecristofaro/Desktop/Arduino/arduino-core/src/processing/app/preproc/PdePreprocessor.java,processing.app.preproc.PdePreprocessor,class,5,8,3,5,62,1,0,46,71,0.84523815,0.18181819,0.27272728,14,1,8,3,2,1,11,0,0,0,6,0,2,0,0,4,0,0,10,212,14,16,21,0,12,22,47,78,22,48,5,0,0,0,142,1,0
/Users/patriziadecristofaro/Desktop/Arduino/app/src/processing/app/Base.java,processing.app.Base$Anonymous11,anonymous,0,0,0,0,1,1,0,1,0,0.0,NaN,NaN,1,0,1,0,0,0,1,0,0,0,0,0,0,0,0,0,0,0,0,5,0,0,0,0,0,0,0,0,0,0,0,0,0,0,5,-1,0
/Users/patriziadecristofaro/Desktop/Arduino/app/src/processing/app/Base.java,processing.app.Base$Anonymous10,anonymous,0,0,0,0,1,1,0,5,0,0.0,NaN,NaN,1,0,1,0,0,0,1,0,0,0,0,0,0,0,0,0,0,0,0,10,0,0,0,0,0,1,5,1,0,1,0,0,0,0,7,-1,0
/Users/patriziadecristofaro/Desktop/Arduino/arduino-core/src/processing/app/SketchCode.java,processing.app.SketchCode,class,4,14,10,4,32,1,0,23,135,0.80864197,0.28923076,0.59692305,27,0,20,1,6,0,26,0,0,0,6,0,0,6,0,0,0,0,11,122,15,1,1,1,0,6,2,14,1,9,1,1,0,0,113,1,0
/Users/patriziadecristofaro/Desktop/Arduino/arduino-core/src/processing/app/macosx/Platform.java,processing.app.macosx.Platform,class,9,10,1,9,26,2,0,24,85,0.8333333,0.010989011,0.010989011,14,0,12,0,2,0,14,0,0,0,3,3,0,0,0,3,3,0,8,110,14,1,2,4,6,16,12,15,6,15,3,0,0,0,86,1,0
/Users/patriziadecristofaro/Desktop/Arduino/app/test/processing/app/macosx/SystemProfilerParserTest.java,processing.app.macosx.SystemProfilerParserTest,class,4,5,1,4,1,1,0,4,0,0.0,NaN,NaN,1,0,1,0,0,0,1,0,0,0,0,0,0,0,0,0,0,0,7,27,0,0,0,0,0,39,0,7,0,1,0,0,0,0,12,1,0
/Users/patriziadecristofaro/Desktop/Arduino/app/test/processing/app/windows/ListComPortsParserTest.java,processing.app.windows.ListComPortsParserTest,class,2,2,0,2,1,1,0,2,0,0.0,NaN,NaN,1,0,1,0,0,0,1,0,0,0,0,0,0,0,0,0,0,0,0,7,0,0,0,0,0,5,0,1,0,1,0,0,0,0,19,1,0
/Users/patriziadecristofaro/Desktop/Arduino/arduino-core/src/processing/app/zeroconf/jmdns/ArduinoDNSTaskStarter.java,processing.app.zeroconf.jmdns.ArduinoDNSTaskStarter$Anonymous1,anonymous,4,4,0,4,13,1,0,15,78,0.0,0.0,0.0,13,0,13,0,0,0,13,0,0,0,0,0,0,0,0,0,0,0,0,50,0,0,0,0,0,0,0,0,0,0,0,1,0,0,26,-1,0
/Users/patriziadecristofaro/Desktop/Arduino/arduino-core/src/cc/arduino/packages/ssh/SSHClientSetupChainRing.java,cc.arduino.packages.ssh.SSHClientSetupChainRing,interface,3,7,4,3,1,1,0,0,0,0.0,NaN,NaN,1,0,0,0,0,1,1,0,0,0,0,0,0,0,0,0,0,0,0,3,0,0,0,0,0,0,0,0,0,0,0,0,0,0,16,1,0
/Users/patriziadecristofaro/Desktop/Arduino/app/src/processing/app/syntax/JEditTextArea.java,processing.app.syntax.JEditTextArea$DocumentHandler,innerclass,1,1,0,1,11,1,0,4,3,0.0,0.0,0.0,3,0,3,0,0,0,3,0,0,0,0,0,0,0,0,0,0,0,0,34,0,0,2,0,1,0,0,14,6,8,2,0,0,0,18,0,0
/Users/patriziadecristofaro/Desktop/Arduino/app/test/processing/app/AbstractGUITest.java,processing.app.AbstractGUITest$Anonymous1,anonymous,2,2,0,2,1,1,0,1,0,0.0,NaN,NaN,1,0,0,0,1,0,1,0,0,0,0,0,0,0,0,0,0,0,0,5,1,0,0,0,0,0,2,0,0,0,0,0,0,0,10,-1,0
/Users/patriziadecristofaro/Desktop/Arduino/app/src/processing/app/syntax/InputHandler.java,processing.app.syntax.InputHandler$clipboard_paste,innerclass,2,2,0,2,1,1,0,2,0,0.0,NaN,NaN,1,0,1,0,0,0,1,0,0,0,0,0,0,0,0,0,0,0,1,5,0,0,0,0,0,0,0,0,0,0,0,0,0,0,11,9,0
/Users/patriziadecristofaro/Desktop/Arduino/app/src/processing/app/tools/AutoFormat.java,AutoFormat,class,5,5,0,5,181,1,0,35,2,0.84875,0.0,0.0,16,0,16,0,0,0,16,0,0,0,34,2,0,0,0,34,1,0,0,685,19,19,104,1,29,27,211,269,10,75,7,0,0,0,149,1,0
/Users/patriziadecristofaro/Desktop/Arduino/app/src/processing/app/macosx/ThinkDifferent.java,processing.app.macosx.ThinkDifferent,class,5,7,2,5,15,1,0,11,6,0.7037037,0.41666666,0.41666666,9,1,9,0,0,0,9,0,0,0,3,2,0,3,0,0,0,0,0,62,0,0,5,1,0,3,0,5,0,5,1,0,0,0,69,1,0
/Users/patriziadecristofaro/Desktop/Arduino/arduino-core/src/cc/arduino/packages/UploaderFactory.java,cc.arduino.packages.UploaderFactory,class,5,7,2,5,5,1,0,4,0,0.0,NaN,NaN,1,0,1,0,0,0,1,0,0,0,0,0,0,0,0,0,0,0,0,9,3,0,1,0,0,3,0,0,0,0,1,0,0,0,13,1,0
/Users/patriziadecristofaro/Desktop/Arduino/build/shared/tools/Mangler/src/Mangler.java,com.transformers.supermangletron.Mangler,class,5,6,1,5,9,1,0,14,0,0.25,0.5,0.5,4,0,3,0,1,0,4,0,0,0,1,0,0,0,0,1,0,0,3,39,1,1,3,0,2,8,3,11,4,9,3,0,0,0,28,1,0
/Users/patriziadecristofaro/Desktop/Arduino/app/test/processing/app/helpers/JEditTextAreaFixture.java,processing.app.helpers.JEditTextAreaFixture,class,5,12,7,5,9,2,0,6,0,0.0,1.0,1.0,9,0,9,0,0,0,9,0,0,0,1,0,0,1,0,0,1,0,0,36,5,0,0,0,0,0,0,3,0,1,0,0,0,0,22,1,0
/Users/patriziadecristofaro/Desktop/Arduino/app/test/processing/app/debug/CompilerTest.java,processing.app.debug.CompilerTest,class,3,3,0,3,1,2,0,2,0,0.0,NaN,NaN,1,0,1,0,0,0,1,0,0,0,0,0,0,0,0,0,0,0,3,7,0,0,0,0,0,6,0,0,0,0,0,0,0,0,12,1,0
/Users/patriziadecristofaro/Desktop/Arduino/arduino-core/src/processing/app/windows/Advapi32.java,processing.app.windows.Advapi32$SERVICE_TABLE_ENTRY,innerclass,2,2,0,2,0,2,0,0,0,NaN,-1.0,-1.0,0,0,0,0,0,0,0,0,0,0,2,0,2,0,0,0,0,0,0,4,0,0,0,0,0,0,0,0,0,2,0,0,0,0,22,9,0
/Users/patriziadecristofaro/Desktop/Arduino/app/src/processing/app/PresentMode.java,processing.app.PresentMode,class,1,1,0,1,4,1,0,8,0,0.75,0.0,0.0,1,1,1,0,0,0,2,0,0,0,4,4,0,0,0,4,0,0,3,33,1,1,1,0,0,2,3,10,2,10,2,1,0,0,44,1,0
/Users/patriziadecristofaro/Desktop/Arduino/app/test/processing/app/helpers/ArduinoFrameFixture.java,processing.app.helpers.ArduinoFrameFixture,class,5,12,7,5,5,2,0,2,10,0.0,0.0,0.0,5,0,5,0,0,0,5,0,0,0,0,0,0,0,0,0,0,0,0,17,1,0,0,0,0,0,0,0,0,0,0,0,0,0,13,1,0
/Users/patriziadecristofaro/Desktop/Arduino/app/src/processing/app/syntax/InputHandler.java,processing.app.syntax.InputHandler$prev_word,innerclass,3,3,0,3,5,1,0,13,0,0.0,1.0,1.0,2,0,2,0,0,0,2,0,0,0,1,0,0,1,0,0,0,0,2,27,1,0,2,0,0,1,2,9,2,7,2,0,0,0,21,9,0
/Users/patriziadecristofaro/Desktop/Arduino/app/src/processing/app/EditorLineStatus.java,processing.app.EditorLineStatus,class,7,10,3,7,16,4,0,23,10,0.7708333,0.32142857,0.75,8,0,8,0,0,0,8,0,0,0,11,0,0,0,0,11,0,0,10,73,4,0,6,0,5,16,13,22,9,17,2,0,0,0,60,1,0
/Users/patriziadecristofaro/Desktop/Arduino/arduino-core/src/processing/app/windows/ListComPortsParser.java,processing.app.windows.ListComPortsParser,class,0,2,2,0,6,1,0,7,0,0.0,1.0,1.0,2,0,2,0,0,0,2,0,0,0,2,0,0,2,0,0,2,0,2,22,2,1,1,0,2,4,2,6,1,6,3,0,0,0,32,1,0
/Users/patriziadecristofaro/Desktop/Arduino/app/src/processing/app/EditorHeader.java,processing.app.EditorHeader,class,10,13,3,10,34,4,0,50,22,0.837963,0.10714286,0.10714286,8,0,8,0,0,0,8,0,0,0,25,12,0,0,0,25,9,0,17,226,7,5,12,0,12,22,34,69,16,53,3,7,0,0,98,1,0
/Users/patriziadecristofaro/Desktop/Arduino/app/src/processing/app/syntax/TokenMarker.java,processing.app.syntax.TokenMarker$LineInfo,innerclass,0,0,0,0,2,1,0,0,1,0.5,0.0,0.0,2,0,2,0,0,0,2,0,0,0,2,0,2,0,0,0,0,0,0,10,0,0,0,0,0,0,0,2,0,2,0,0,0,0,41,1,0
/Users/patriziadecristofaro/Desktop/Arduino/arduino-core/src/processing/app/helpers/StringUtils.java,processing.app.helpers.StringUtils,class,0,2,2,0,4,1,0,3,1,0.0,0.0,0.0,2,2,2,0,0,0,2,0,0,0,0,0,0,0,0,0,0,0,0,14,3,1,0,0,0,4,0,1,0,1,2,0,0,0,31,1,0
/Users/patriziadecristofaro/Desktop/Arduino/app/src/processing/app/syntax/InputHandler.java,processing.app.syntax.InputHandler$MacroRecorder,interface,0,0,0,0,1,1,0,0,0,0.0,NaN,NaN,1,0,0,0,0,1,1,0,0,0,0,0,0,0,0,0,0,0,0,3,0,0,0,0,0,0,0,0,0,0,0,0,0,0,7,1,0
/Users/patriziadecristofaro/Desktop/Arduino/arduino-core/src/processing/app/debug/TargetPlatformException.java,processing.app.debug.TargetPlatformException,class,0,2,2,0,4,3,0,0,6,0.0,0.0,0.0,4,0,4,0,0,0,4,0,0,0,0,0,0,0,0,0,0,0,0,14,0,0,0,0,0,1,0,0,0,0,0,0,0,0,6,1,0
/Users/patriziadecristofaro/Desktop/Arduino/arduino-core/src/processing/app/windows/Options.java,processing.app.windows.Options$Anonymous1,anonymous,0,0,0,0,1,1,0,1,0,0.0,NaN,NaN,0,0,0,0,0,0,1,0,0,0,0,0,0,0,0,0,0,0,0,6,0,0,0,0,0,0,0,0,0,0,0,0,0,0,1,-1,0
/Users/patriziadecristofaro/Desktop/Arduino/arduino-core/src/cc/arduino/packages/ssh/SCP.java,cc.arduino.packages.ssh.SCP,class,6,8,2,6,20,2,0,23,0,0.5416667,0.53571427,0.53571427,8,0,7,0,1,0,8,0,0,0,3,0,0,3,0,0,0,0,0,83,2,2,9,2,3,10,12,11,3,9,3,0,0,0,43,1,0
/Users/patriziadecristofaro/Desktop/Arduino/app/src/processing/app/Editor.java,processing.app.Editor$Anonymous46,anonymous,4,4,0,4,3,1,0,6,0,0.0,NaN,NaN,1,0,1,0,0,0,1,0,0,0,0,0,0,0,0,0,0,0,0,13,0,0,2,0,0,0,0,0,0,0,1,0,0,0,12,-1,0
/Users/patriziadecristofaro/Desktop/Arduino/app/src/processing/app/Editor.java,processing.app.Editor$Anonymous47,anonymous,1,1,0,1,1,1,0,1,0,0.0,NaN,NaN,1,0,1,0,0,0,1,0,0,0,0,0,0,0,0,0,0,0,0,5,0,0,0,0,0,0,0,0,0,0,0,0,0,0,3,-1,0
/Users/patriziadecristofaro/Desktop/Arduino/app/test/processing/app/AbstractWithPreferencesTest.java,processing.app.AbstractWithPreferencesTest,class,4,7,3,4,1,1,3,5,0,0.0,NaN,NaN,1,0,1,0,0,0,1,0,0,0,0,0,0,0,0,0,0,0,4,9,0,0,0,0,0,1,0,1,0,0,0,0,0,0,7,1025,0
/Users/patriziadecristofaro/Desktop/Arduino/app/src/processing/app/Editor.java,processing.app.Editor$Anonymous48,anonymous,5,5,0,5,5,1,0,8,0,0.0,NaN,NaN,1,0,1,0,0,0,1,0,0,0,0,0,0,0,0,0,0,0,5,23,0,0,0,1,0,4,0,1,0,1,2,0,0,0,16,-1,0
/Users/patriziadecristofaro/Desktop/Arduino/arduino-core/src/processing/app/windows/WINBASE.java,processing.app.windows.WINBASE$FILETIME,innerclass,1,1,0,1,0,2,0,0,0,NaN,-1.0,-1.0,0,0,0,0,0,0,0,0,0,0,2,0,2,0,0,0,0,0,0,4,0,0,0,0,0,0,0,0,0,2,0,0,0,0,12,9,0
/Users/patriziadecristofaro/Desktop/Arduino/arduino-core/src/processing/app/SketchCode.java,processing.app.SketchCode$Anonymous1,anonymous,1,1,0,1,1,1,0,3,0,0.0,NaN,NaN,1,0,1,0,0,0,1,0,0,0,0,0,0,0,0,0,0,0,0,5,1,0,0,0,0,0,0,0,0,0,0,0,0,0,5,-1,0
/Users/patriziadecristofaro/Desktop/Arduino/app/src/processing/app/syntax/InputHandler.java,processing.app.syntax.InputHandler$next_line,innerclass,2,2,0,2,6,1,0,13,0,0.0,1.0,1.0,2,0,2,0,0,0,2,0,0,0,1,0,0,1,0,0,0,0,1,29,1,0,2,0,0,0,4,8,5,6,2,0,0,0,18,9,0
/Users/patriziadecristofaro/Desktop/Arduino/app/src/processing/app/syntax/InputHandler.java,processing.app.syntax.InputHandler$overwrite,innerclass,2,2,0,2,1,1,0,3,0,0.0,NaN,NaN,1,0,1,0,0,0,1,0,0,0,0,0,0,0,0,0,0,0,1,6,0,0,0,0,0,0,0,1,0,1,0,0,0,0,13,9,0
/Users/patriziadecristofaro/Desktop/Arduino/app/src/processing/app/Editor.java,processing.app.Editor$Anonymous40,anonymous,1,1,0,1,1,1,0,1,0,0.0,NaN,NaN,1,0,1,0,0,0,1,0,0,0,0,0,0,0,0,0,0,0,0,5,0,0,0,0,0,0,0,0,0,0,0,0,0,0,9,-1,0
/Users/patriziadecristofaro/Desktop/Arduino/app/src/processing/app/Sketch.java,processing.app.Sketch,class,17,48,31,17,179,1,0,149,175,0.82222223,0.36816326,0.5738776,50,1,40,0,10,0,50,0,0,0,9,2,0,8,0,1,0,0,149,647,73,17,27,7,9,142,34,87,31,72,4,2,0,0,403,1,0
/Users/patriziadecristofaro/Desktop/Arduino/app/src/processing/app/Editor.java,processing.app.Editor$Anonymous41,anonymous,1,1,0,1,1,1,0,1,0,0.0,NaN,NaN,1,0,1,0,0,0,1,0,0,0,0,0,0,0,0,0,0,0,0,5,0,0,0,0,0,0,0,0,0,0,0,0,0,0,9,-1,0
/Users/patriziadecristofaro/Desktop/Arduino/app/src/processing/app/syntax/InputHandler.java,processing.app.syntax.InputHandler$document_end,innerclass,2,2,0,2,3,1,0,5,0,0.0,1.0,1.0,2,0,2,0,0,0,2,0,0,0,1,0,0,1,0,0,0,0,1,11,0,0,0,0,0,0,0,2,0,2,1,0,0,0,15,9,0
/Users/patriziadecristofaro/Desktop/Arduino/app/src/processing/app/EditorHeader.java,processing.app.EditorHeader$Anonymous7,anonymous,2,2,0,2,1,1,0,3,0,0.0,NaN,NaN,1,0,1,0,0,0,1,0,0,0,0,0,0,0,0,0,0,0,0,5,0,0,0,0,0,0,0,0,0,0,0,0,0,0,5,-1,0
/Users/patriziadecristofaro/Desktop/Arduino/app/src/processing/app/Editor.java,processing.app.Editor$Anonymous42,anonymous,2,2,0,2,3,1,0,3,0,0.0,NaN,NaN,1,0,1,0,0,0,1,0,0,0,0,0,0,0,0,0,0,0,0,9,0,0,2,0,0,0,0,1,0,0,1,0,0,0,13,-1,0
/Users/patriziadecristofaro/Desktop/Arduino/app/src/processing/app/EditorHeader.java,processing.app.EditorHeader$Anonymous6,anonymous,1,1,0,1,1,1,0,1,0,0.0,NaN,NaN,1,0,1,0,0,0,1,0,0,0,0,0,0,0,0,0,0,0,0,5,0,0,0,0,0,0,0,0,0,0,0,0,0,0,5,-1,0
/Users/patriziadecristofaro/Desktop/Arduino/app/src/processing/app/Editor.java,processing.app.Editor$Anonymous43,anonymous,1,1,0,1,2,1,0,1,0,0.0,NaN,NaN,1,0,1,0,0,0,1,0,0,0,0,0,0,0,0,0,0,0,0,7,0,0,1,0,0,0,0,0,0,0,1,0,0,0,7,-1,0
/Users/patriziadecristofaro/Desktop/Arduino/app/src/processing/app/EditorHeader.java,processing.app.EditorHeader$Anonymous5,anonymous,1,1,0,1,1,1,0,1,0,0.0,NaN,NaN,1,0,1,0,0,0,1,0,0,0,0,0,0,0,0,0,0,0,0,5,0,0,0,0,0,0,0,0,0,0,0,0,0,0,5,-1,0
/Users/patriziadecristofaro/Desktop/Arduino/app/src/processing/app/Editor.java,processing.app.Editor$Anonymous44,anonymous,1,1,0,1,2,1,0,1,0,0.0,NaN,NaN,1,0,1,0,0,0,1,0,0,0,0,0,0,0,0,0,0,0,0,7,0,0,1,0,0,0,0,0,0,0,1,0,0,0,7,-1,0
/Users/patriziadecristofaro/Desktop/Arduino/app/src/processing/app/EditorHeader.java,processing.app.EditorHeader$Anonymous4,anonymous,2,2,0,2,1,1,0,2,0,0.0,NaN,NaN,1,0,1,0,0,0,1,0,0,0,0,0,0,0,0,0,0,0,0,5,0,0,0,0,0,0,0,0,0,0,0,0,0,0,5,-1,0
/Users/patriziadecristofaro/Desktop/Arduino/app/src/processing/app/Editor.java,processing.app.Editor$Anonymous45,anonymous,2,2,0,2,2,1,0,2,0,0.0,NaN,NaN,1,0,1,0,0,0,1,0,0,0,0,0,0,0,0,0,0,0,0,8,0,0,1,0,0,0,0,1,0,0,1,0,0,0,12,-1,0
/Users/patriziadecristofaro/Desktop/Arduino/app/src/processing/app/EditorHeader.java,processing.app.EditorHeader$Anonymous3,anonymous,2,2,0,2,1,1,0,2,0,0.0,NaN,NaN,1,0,1,0,0,0,1,0,0,0,0,0,0,0,0,0,0,0,0,5,0,0,0,0,0,0,0,0,0,0,0,0,0,0,5,-1,0
/Users/patriziadecristofaro/Desktop/Arduino/app/test/processing/app/tools/ZipDeflaterTest.java,processing.app.tools.ZipDeflaterTest,class,5,5,0,5,6,1,0,11,0,0.0,1.0,1.0,6,0,6,0,0,0,6,0,0,0,1,0,0,1,0,0,0,0,6,74,0,0,0,0,0,29,36,18,1,9,0,0,0,0,26,1,0
/Users/patriziadecristofaro/Desktop/Arduino/app/src/processing/app/EditorHeader.java,processing.app.EditorHeader$Anonymous2,anonymous,2,2,0,2,1,1,0,2,0,0.0,NaN,NaN,1,0,1,0,0,0,1,0,0,0,0,0,0,0,0,0,0,0,0,5,0,0,0,0,0,0,0,0,0,0,0,0,0,0,5,-1,0
/Users/patriziadecristofaro/Desktop/Arduino/app/src/processing/app/EditorHeader.java,processing.app.EditorHeader$Anonymous1,anonymous,2,2,0,2,6,1,0,7,0,0.0,NaN,NaN,1,0,1,0,0,0,1,0,0,0,0,0,0,0,0,0,0,0,0,18,0,1,0,0,4,0,1,4,0,4,3,0,0,0,14,-1,0
/Users/patriziadecristofaro/Desktop/Arduino/app/test/processing/app/AbstractGUITest.java,processing.app.AbstractGUITest,class,8,13,5,8,2,1,5,11,0,0.0,1.0,1.0,2,0,2,0,0,0,2,0,0,0,1,0,0,0,1,0,0,0,6,22,0,0,0,0,0,1,0,2,0,1,0,1,0,0,18,1025,0
/Users/patriziadecristofaro/Desktop/Arduino/app/src/processing/app/syntax/InputHandler.java,processing.app.syntax.InputHandler$repeat,innerclass,3,3,0,3,2,1,0,6,0,0.0,NaN,NaN,1,0,1,0,0,0,1,0,0,0,0,0,0,0,0,0,0,0,2,10,0,0,1,0,0,0,0,2,0,2,1,0,0,0,15,9,0
/Users/patriziadecristofaro/Desktop/Arduino/arduino-builder/src/cc/arduino/builder/ArduinoBuilder.java,cc.arduino.builder.ArduinoBuilder,class,1,1,0,1,1,1,0,1,0,0.0,NaN,NaN,1,1,1,0,0,0,1,0,0,0,0,0,0,0,0,0,0,0,1,5,0,0,0,0,0,0,0,0,0,0,0,0,0,0,5,1,0
/Users/patriziadecristofaro/Desktop/Arduino/arduino-core/src/cc/arduino/packages/discoverers/SerialDiscovery.java,cc.arduino.packages.discoverers.SerialDiscovery,class,6,7,1,6,6,1,0,9,6,0.0,0.0,0.0,4,0,4,0,0,0,4,0,0,0,0,0,0,0,0,0,0,0,2,26,1,1,1,0,0,3,0,8,1,7,2,0,0,0,23,1,0
/Users/patriziadecristofaro/Desktop/Arduino/app/src/processing/app/syntax/PdeKeywords.java,processing.app.syntax.PdeKeywords,class,6,9,3,6,15,3,0,18,0,0.375,0.33333334,0.33333334,4,3,3,1,0,0,3,0,0,0,2,2,0,0,0,2,0,0,9,53,2,2,3,1,4,5,11,14,5,13,4,0,0,0,57,1,0
/Users/patriziadecristofaro/Desktop/Arduino/app/src/processing/app/syntax/InputHandler.java,processing.app.syntax.InputHandler$NonRepeatable,interface,0,0,0,0,0,1,0,0,0,0.0,-1.0,-1.0,0,0,0,0,0,0,0,0,0,0,0,0,0,0,0,0,0,0,0,2,0,0,0,0,0,0,0,0,0,0,0,0,0,0,13,1,0
/Users/patriziadecristofaro/Desktop/Arduino/arduino-core/src/cc/arduino/packages/ssh/SSH.java,cc.arduino.packages.ssh.SSH,class,5,8,3,5,15,1,1,17,8,0.6,0.1,0.1,5,0,3,0,2,0,5,0,0,0,1,0,0,0,1,0,1,0,1,61,3,2,5,2,2,1,7,10,0,7,2,0,0,0,33,1,0
/Users/patriziadecristofaro/Desktop/Arduino/app/src/processing/app/tools/Tool.java,processing.app.tools.Tool,interface,1,6,5,1,3,1,0,0,3,0.0,0.0,0.0,3,0,3,0,0,0,3,0,0,0,0,0,0,0,0,0,0,0,0,5,0,0,0,0,0,0,0,0,0,0,0,0,0,0,17,1,0
/Users/patriziadecristofaro/Desktop/Arduino/app/src/processing/app/Editor.java,processing.app.Editor$Anonymous7,anonymous,1,1,0,1,1,1,0,1,0,0.0,NaN,NaN,1,0,1,0,0,0,1,0,0,0,0,0,0,0,0,0,0,0,0,5,0,0,0,0,0,0,0,0,0,0,0,0,0,0,8,-1,0
/Users/patriziadecristofaro/Desktop/Arduino/app/src/processing/app/Editor.java,processing.app.Editor$Anonymous6,anonymous,1,1,0,1,1,1,0,1,0,0.0,NaN,NaN,1,0,1,0,0,0,1,0,0,0,0,0,0,0,0,0,0,0,0,5,0,0,0,0,0,0,0,0,0,0,0,0,0,0,8,-1,0
/Users/patriziadecristofaro/Desktop/Arduino/app/src/processing/app/Editor.java,processing.app.Editor$Anonymous9,anonymous,1,1,0,1,1,1,0,1,0,0.0,NaN,NaN,1,0,1,0,0,0,1,0,0,0,0,0,0,0,0,0,0,0,0,5,0,0,0,0,0,0,0,0,0,0,0,0,0,0,8,-1,0
/Users/patriziadecristofaro/Desktop/Arduino/app/src/processing/app/Editor.java,processing.app.Editor$Anonymous8,anonymous,1,1,0,1,1,1,0,1,0,0.0,NaN,NaN,1,0,1,0,0,0,1,0,0,0,0,0,0,0,0,0,0,0,0,5,0,0,0,0,0,0,0,0,0,0,0,0,0,0,8,-1,0
/Users/patriziadecristofaro/Desktop/Arduino/arduino-core/src/cc/arduino/packages/discoverers/network/NetworkChecker.java,cc.arduino.packages.discoverers.network.NetworkChecker,class,2,3,1,2,8,2,0,8,1,0.33333334,0.33333334,0.33333334,3,0,3,0,0,0,3,0,0,0,3,0,0,3,0,0,2,0,1,35,0,2,0,1,0,0,2,6,0,5,3,0,0,0,20,1,0
/Users/patriziadecristofaro/Desktop/Arduino/app/src/processing/app/Base.java,processing.app.Base,class,31,81,50,31,327,1,0,310,6859,0.97479,0.013845622,0.03305642,119,76,85,11,23,0,108,0,0,0,10,4,1,1,0,8,0,0,249,1320,115,36,66,19,20,193,85,245,56,210,4,11,0,0,648,1,0
/Users/patriziadecristofaro/Desktop/Arduino/arduino-core/src/processing/app/debug/Compiler.java,processing.app.debug.Compiler$ProgressListener,interface,0,0,0,0,1,1,0,0,0,0.0,NaN,NaN,1,0,1,0,0,0,1,0,0,0,0,0,0,0,0,0,0,0,0,3,0,0,0,0,0,0,0,0,0,0,0,0,0,0,10,1,0
/Users/patriziadecristofaro/Desktop/Arduino/app/format/src/AutoFormat.java,processing.app.tools.AutoFormat$PluginImpl,innerclass,8,8,0,8,9,2,0,5,28,0.875,0.0,0.0,8,0,8,0,0,0,8,0,0,0,2,0,0,0,0,2,0,0,0,32,4,0,1,0,0,0,0,1,0,2,1,0,0,0,32,10,0
/Users/patriziadecristofaro/Desktop/Arduino/app/src/processing/app/Editor.java,processing.app.Editor$Anonymous35,anonymous,1,1,0,1,1,1,0,1,0,0.0,NaN,NaN,1,0,1,0,0,0,1,0,0,0,0,0,0,0,0,0,0,0,0,5,0,0,0,0,0,0,0,0,0,0,0,0,0,0,7,-1,0
/Users/patriziadecristofaro/Desktop/Arduino/app/src/processing/app/EditorStatus.java,processing.app.EditorStatus,class,7,17,10,7,41,5,0,47,40,0.87413794,0.39473686,0.7157895,20,0,18,0,2,0,20,0,0,0,27,11,0,0,0,27,9,0,16,312,6,0,14,0,7,12,39,68,15,41,2,4,0,0,113,1,0
/Users/patriziadecristofaro/Desktop/Arduino/app/src/processing/app/Editor.java,processing.app.Editor$Anonymous36,anonymous,1,1,0,1,1,1,0,1,0,0.0,NaN,NaN,1,0,1,0,0,0,1,0,0,0,0,0,0,0,0,0,0,0,0,5,0,0,0,0,0,0,0,0,0,0,0,0,0,0,7,-1,0
/Users/patriziadecristofaro/Desktop/Arduino/app/src/processing/app/EditorToolbar.java,processing.app.EditorToolbar,class,6,11,5,6,72,4,0,40,108,0.88288313,0.21637426,0.45614034,21,0,18,2,1,0,19,0,0,0,34,17,0,0,0,34,16,0,16,251,13,6,23,1,19,16,55,79,16,58,3,0,0,0,142,1,0
/Users/patriziadecristofaro/Desktop/Arduino/arduino-core/src/processing/app/helpers/filefilters/OnlyFilesWithExtension.java,processing.app.helpers.filefilters.OnlyFilesWithExtension,class,0,2,2,0,4,1,0,1,0,0.0,1.0,1.0,2,0,2,0,0,0,2,0,0,0,1,0,0,0,0,1,0,0,0,10,2,1,0,0,0,0,0,1,0,1,2,0,0,0,13,1,0
/Users/patriziadecristofaro/Desktop/Arduino/app/src/processing/app/Editor.java,processing.app.Editor$Anonymous1,anonymous,1,1,0,1,1,1,0,1,0,0.0,NaN,NaN,1,0,1,0,0,0,1,0,0,0,0,0,0,0,0,0,0,0,0,5,0,0,0,0,0,0,0,0,0,0,0,0,0,0,5,-1,0
/Users/patriziadecristofaro/Desktop/Arduino/app/src/processing/app/Editor.java,processing.app.Editor$Anonymous37,anonymous,2,2,0,2,1,1,0,2,0,0.0,NaN,NaN,1,0,1,0,0,0,1,0,0,0,0,0,0,0,0,0,0,0,0,6,0,0,0,0,0,0,0,0,0,0,0,0,0,0,6,-1,0
/Users/patriziadecristofaro/Desktop/Arduino/app/src/processing/app/syntax/InputHandler.java,processing.app.syntax.InputHandler$backspace_word,innerclass,3,3,0,3,5,1,0,14,0,0.0,NaN,NaN,1,0,1,0,0,0,1,0,0,0,0,0,0,0,0,0,0,0,2,30,1,0,3,1,1,2,2,8,4,7,2,0,0,0,25,9,0
/Users/patriziadecristofaro/Desktop/Arduino/app/src/processing/app/Editor.java,processing.app.Editor$Anonymous38,anonymous,1,1,0,1,1,1,0,1,0,0.0,NaN,NaN,1,0,1,0,0,0,1,0,0,0,0,0,0,0,0,0,0,0,0,5,0,0,0,0,0,0,0,0,0,0,0,0,0,0,5,-1,0
/Users/patriziadecristofaro/Desktop/Arduino/app/src/processing/app/Editor.java,processing.app.Editor$Anonymous3,anonymous,1,1,0,1,2,1,0,2,0,0.0,NaN,NaN,1,0,1,0,0,0,1,0,0,0,0,0,0,0,0,0,0,0,0,10,0,0,0,1,0,0,0,0,0,0,1,0,0,0,7,-1,0
/Users/patriziadecristofaro/Desktop/Arduino/app/src/processing/app/Editor.java,processing.app.Editor$Anonymous39,anonymous,1,1,0,1,1,1,0,1,0,0.0,NaN,NaN,1,0,1,0,0,0,1,0,0,0,0,0,0,0,0,0,0,0,0,5,0,0,0,0,0,0,0,0,0,0,0,0,0,0,8,-1,0
/Users/patriziadecristofaro/Desktop/Arduino/app/src/processing/app/Editor.java,processing.app.Editor$Anonymous2,anonymous,1,1,0,1,4,1,0,3,1,0.0,0.0,0.0,2,0,2,0,0,0,2,0,0,0,0,0,0,0,0,0,0,0,0,23,0,2,0,0,0,0,4,1,2,1,1,0,0,0,16,-1,0
/Users/patriziadecristofaro/Desktop/Arduino/app/src/processing/app/Editor.java,processing.app.Editor$Anonymous5,anonymous,1,1,0,1,1,1,0,1,0,0.0,NaN,NaN,1,0,1,0,0,0,1,0,0,0,0,0,0,0,0,0,0,0,0,5,0,0,0,0,0,0,0,0,0,0,0,0,0,0,5,-1,0
/Users/patriziadecristofaro/Desktop/Arduino/app/src/processing/app/syntax/KeywordMap.java,processing.app.syntax.KeywordMap,class,3,6,3,3,12,1,0,7,22,0.7916667,0.53571427,1.0,8,0,6,0,2,0,8,0,0,0,3,0,0,2,1,0,0,0,5,53,6,1,3,0,2,0,5,10,7,5,2,0,1,0,78,1,0
/Users/patriziadecristofaro/Desktop/Arduino/app/src/processing/app/syntax/InputHandler.java,processing.app.syntax.InputHandler$insert_char,innerclass,3,3,0,3,3,1,0,10,0,0.0,NaN,NaN,1,0,1,0,0,0,1,0,0,0,0,0,0,0,0,0,0,0,1,15,0,1,0,0,0,0,1,5,0,5,2,0,0,0,20,9,0
/Users/patriziadecristofaro/Desktop/Arduino/arduino-core/src/processing/app/helpers/FileUtils.java,processing.app.helpers.FileUtils,class,2,13,11,2,49,1,0,46,78,0.9230769,0.0,0.0,13,13,13,0,0,0,13,0,0,0,2,2,0,2,0,0,2,0,16,162,19,7,10,5,6,25,13,37,10,21,3,0,0,0,125,1,0
/Users/patriziadecristofaro/Desktop/Arduino/app/src/processing/app/Editor.java,processing.app.Editor$Anonymous4,anonymous,1,1,0,1,2,1,0,2,0,0.0,NaN,NaN,1,0,1,0,0,0,1,0,0,0,0,0,0,0,0,0,0,0,0,10,0,0,0,1,0,0,0,0,0,0,1,0,0,0,7,-1,0
/Users/patriziadecristofaro/Desktop/Arduino/app/src/processing/app/syntax/InputHandler.java,processing.app.syntax.InputHandler$backspace,innerclass,2,2,0,2,5,1,0,11,0,0.0,NaN,NaN,1,0,1,0,0,0,1,0,0,0,0,0,0,0,0,0,0,0,1,25,2,0,2,1,0,1,3,2,1,2,2,0,0,0,18,9,0
/Users/patriziadecristofaro/Desktop/Arduino/app/src/processing/app/Preferences.java,processing.app.Preferences$Anonymous4,anonymous,1,1,0,1,1,1,0,1,0,0.0,NaN,NaN,1,0,1,0,0,0,1,0,0,0,0,0,0,0,0,0,0,0,0,5,0,0,0,0,0,0,0,0,0,0,0,0,0,0,7,-1,0
/Users/patriziadecristofaro/Desktop/Arduino/app/src/processing/app/Preferences.java,processing.app.Preferences$Anonymous3,anonymous,1,1,0,1,1,1,0,2,0,0.0,NaN,NaN,1,0,1,0,0,0,1,0,0,0,0,0,0,0,0,0,0,0,0,6,0,0,0,0,0,0,0,0,0,0,0,0,0,0,8,-1,0
/Users/patriziadecristofaro/Desktop/Arduino/app/src/processing/app/Preferences.java,processing.app.Preferences$Anonymous2,anonymous,1,1,0,1,3,1,0,3,3,0.0,0.0,0.0,3,0,3,0,0,0,3,0,0,0,0,0,0,0,0,0,0,0,1,11,0,0,0,0,0,0,3,0,0,0,0,0,0,0,8,-1,0
/Users/patriziadecristofaro/Desktop/Arduino/app/src/processing/app/Preferences.java,processing.app.Preferences$Anonymous1,anonymous,3,3,0,3,4,1,0,9,0,0.0,NaN,NaN,1,0,1,0,0,0,1,0,0,0,0,0,0,0,0,0,0,0,6,16,0,0,3,0,0,1,0,5,0,3,3,0,0,0,12,-1,0
/Users/patriziadecristofaro/Desktop/Arduino/app/src/processing/app/syntax/InputHandler.java,processing.app.syntax.InputHandler$prev_char,innerclass,2,2,0,2,5,1,0,9,0,0.0,1.0,1.0,2,0,2,0,0,0,2,0,0,0,1,0,0,1,0,0,0,0,1,27,1,0,2,0,0,0,3,5,2,5,2,0,0,0,18,9,0
/Users/patriziadecristofaro/Desktop/Arduino/app/src/processing/app/Preferences.java,processing.app.Preferences$Anonymous7,anonymous,1,1,0,1,3,1,0,4,0,0.0,NaN,NaN,1,0,1,0,0,0,1,0,0,0,0,0,0,0,0,0,0,0,1,8,0,0,1,0,2,0,0,1,0,1,1,0,0,0,9,-1,0
/Users/patriziadecristofaro/Desktop/Arduino/arduino-core/src/processing/app/windows/Advapi32.java,processing.app.windows.Advapi32$HandlerEx,interface,2,2,0,2,1,1,0,0,0,0.0,NaN,NaN,1,0,1,0,0,0,1,0,0,0,0,0,0,0,0,0,0,0,0,3,0,0,0,0,0,0,0,0,0,0,0,0,0,0,9,0,0
/Users/patriziadecristofaro/Desktop/Arduino/app/src/processing/app/Preferences.java,processing.app.Preferences$Anonymous6,anonymous,1,1,0,1,1,1,0,1,0,0.0,NaN,NaN,1,0,1,0,0,0,1,0,0,0,0,0,0,0,0,0,0,0,0,5,0,0,0,0,0,0,0,0,0,0,0,0,0,0,6,-1,0
/Users/patriziadecristofaro/Desktop/Arduino/app/src/processing/app/Preferences.java,processing.app.Preferences$Anonymous5,anonymous,1,1,0,1,1,1,0,1,0,0.0,NaN,NaN,1,0,1,0,0,0,1,0,0,0,0,0,0,0,0,0,0,0,0,5,0,0,0,0,0,0,0,0,0,0,0,0,0,0,7,-1,0
/Users/patriziadecristofaro/Desktop/Arduino/app/src/processing/app/syntax/TextAreaPainter.java,processing.app.syntax.TextAreaPainter,class,11,18,7,11,89,4,1,84,1032,0.93931156,0.25177306,1.0,48,0,41,0,7,0,48,0,23,0,23,0,0,0,18,5,0,0,8,373,24,2,16,1,10,8,27,97,52,63,3,0,1,0,243,1,0
/Users/patriziadecristofaro/Desktop/Arduino/arduino-core/src/processing/app/helpers/NetUtils.java,processing.app.helpers.NetUtils,class,1,3,2,1,10,1,0,7,6,0.0,0.0,0.0,4,4,2,2,0,0,2,0,0,0,0,0,0,0,0,0,0,0,4,43,7,1,1,3,0,0,2,4,0,2,3,0,0,0,24,1025,0
/Users/patriziadecristofaro/Desktop/Arduino/app/src/processing/app/Editor.java,processing.app.Editor$TextAreaPopup$Anonymous59,anonymous,1,1,0,1,1,1,0,1,0,0.0,NaN,NaN,1,0,1,0,0,0,1,0,0,0,0,0,0,0,0,0,0,0,0,5,0,0,0,0,0,0,0,0,0,0,0,0,0,0,8,-1,0
/Users/patriziadecristofaro/Desktop/Arduino/app/src/processing/app/syntax/InputHandler.java,processing.app.syntax.InputHandler$end,innerclass,2,2,0,2,8,1,0,17,0,0.0,1.0,1.0,2,0,2,0,0,0,2,0,0,0,1,0,0,1,0,0,0,0,2,28,1,0,3,0,1,0,4,13,5,7,3,0,0,0,33,9,0
/Users/patriziadecristofaro/Desktop/Arduino/arduino-core/src/processing/app/windows/Registry.java,processing.app.windows.Registry$REGISTRY_ROOT_KEY,enum,0,0,0,0,0,1,0,0,0,0.0,-1.0,-1.0,0,0,0,0,0,0,0,0,0,0,0,0,0,0,0,0,0,0,0,1,0,0,0,0,0,0,0,0,0,0,0,0,0,0,12,9,0
/Users/patriziadecristofaro/Desktop/Arduino/arduino-core/src/processing/app/Platform.java,processing.app.Platform$CLibrary,interface,2,2,0,2,4,1,0,1,6,1.0,0.0,0.0,4,0,0,0,0,4,4,0,0,0,1,0,0,0,0,1,0,0,0,7,0,0,0,0,0,1,0,1,0,1,0,0,0,0,15,1,0
/Users/patriziadecristofaro/Desktop/Arduino/app/src/processing/app/Editor.java,processing.app.Editor$TextAreaPopup$Anonymous53,anonymous,1,1,0,1,1,1,0,1,0,0.0,NaN,NaN,1,0,1,0,0,0,1,0,0,0,0,0,0,0,0,0,0,0,0,5,0,0,0,0,0,0,0,0,0,0,0,0,0,0,11,-1,0
/Users/patriziadecristofaro/Desktop/Arduino/app/src/processing/app/tools/DiscourseFormat.java,processing.app.tools.DiscourseFormat,class,9,13,4,9,39,1,0,32,0,0.25,1.0,1.0,4,0,3,1,0,0,3,0,0,0,3,0,0,3,0,0,0,0,3,126,1,4,17,0,6,19,11,34,9,29,4,1,0,0,161,1,0
/Users/patriziadecristofaro/Desktop/Arduino/app/src/processing/app/Editor.java,processing.app.Editor$TextAreaPopup$Anonymous54,anonymous,1,1,0,1,1,1,0,1,0,0.0,NaN,NaN,1,0,1,0,0,0,1,0,0,0,0,0,0,0,0,0,0,0,0,5,0,0,0,0,0,0,0,0,0,0,0,0,0,0,7,-1,0
/Users/patriziadecristofaro/Desktop/Arduino/app/src/processing/app/Editor.java,processing.app.Editor$TextAreaPopup$Anonymous51,anonymous,1,1,0,1,1,1,0,1,0,0.0,NaN,NaN,1,0,1,0,0,0,1,0,0,0,0,0,0,0,0,0,0,0,0,5,0,0,0,0,0,0,0,0,0,0,0,0,0,0,7,-1,0
/Users/patriziadecristofaro/Desktop/Arduino/app/src/processing/app/Editor.java,processing.app.Editor$TextAreaPopup$Anonymous52,anonymous,1,1,0,1,1,1,0,1,0,0.0,NaN,NaN,1,0,1,0,0,0,1,0,0,0,0,0,0,0,0,0,0,0,0,5,0,0,0,0,0,0,0,0,0,0,0,0,0,0,8,-1,0
/Users/patriziadecristofaro/Desktop/Arduino/app/src/processing/app/Editor.java,processing.app.Editor$TextAreaPopup$Anonymous57,anonymous,1,1,0,1,1,1,0,1,0,0.0,NaN,NaN,1,0,1,0,0,0,1,0,0,0,0,0,0,0,0,0,0,0,0,5,0,0,0,0,0,0,0,0,0,0,0,0,0,0,9,-1,0
/Users/patriziadecristofaro/Desktop/Arduino/app/src/processing/app/Editor.java,processing.app.Editor$TextAreaPopup$Anonymous58,anonymous,1,1,0,1,1,1,0,1,0,0.0,NaN,NaN,1,0,1,0,0,0,1,0,0,0,0,0,0,0,0,0,0,0,0,5,0,0,0,0,0,0,0,0,0,0,0,0,0,0,9,-1,0
/Users/patriziadecristofaro/Desktop/Arduino/app/src/processing/app/Editor.java,processing.app.Editor$TextAreaPopup$Anonymous55,anonymous,1,1,0,1,1,1,0,1,0,0.0,NaN,NaN,1,0,1,0,0,0,1,0,0,0,0,0,0,0,0,0,0,0,0,5,0,0,0,0,0,0,0,0,0,0,0,0,0,0,8,-1,0
/Users/patriziadecristofaro/Desktop/Arduino/app/src/processing/app/Editor.java,processing.app.Editor$TextAreaPopup$Anonymous56,anonymous,1,1,0,1,1,1,0,1,0,0.0,NaN,NaN,1,0,1,0,0,0,1,0,0,0,0,0,0,0,0,0,0,0,0,5,0,0,0,0,0,0,0,0,0,0,0,0,0,0,8,-1,0
/Users/patriziadecristofaro/Desktop/Arduino/arduino-core/src/processing/app/linux/Platform.java,processing.app.linux.Platform,class,8,9,1,8,17,2,0,17,21,0.0,0.0,0.0,7,0,7,0,0,0,7,0,0,0,0,0,0,0,0,0,0,0,12,84,10,0,3,5,0,17,0,13,3,13,2,0,0,0,79,1,0
/Users/patriziadecristofaro/Desktop/Arduino/arduino-core/src/processing/app/windows/Options.java,processing.app.windows.Options,interface,0,0,0,0,0,1,0,0,0,NaN,-1.0,-1.0,0,0,0,0,0,0,0,0,0,0,1,0,0,0,0,1,0,0,0,9,0,0,0,0,0,1,0,1,0,1,0,1,0,0,13,1,0
/Users/patriziadecristofaro/Desktop/Arduino/arduino-core/src/processing/app/debug/Sizer.java,processing.app.debug.Sizer,class,7,8,1,7,20,1,0,16,0,0.37037033,1.0,1.0,3,0,3,0,0,0,3,0,0,0,9,0,0,9,0,0,0,0,8,74,1,1,8,2,1,4,14,32,2,20,3,0,0,0,38,1,0
/Users/patriziadecristofaro/Desktop/Arduino/arduino-core/src/processing/app/helpers/CommandlineParser.java,processing.app.helpers.CommandlineParser$ACTION,enum,0,0,0,0,0,1,0,0,0,0.0,-1.0,-1.0,0,0,0,0,0,0,0,0,0,0,0,0,0,0,0,0,0,0,0,1,0,0,0,0,0,0,0,0,0,0,0,0,0,0,13,12,0
/Users/patriziadecristofaro/Desktop/Arduino/arduino-core/src/processing/app/helpers/filefilters/OnlyDirs.java,processing.app.helpers.filefilters.OnlyDirs,class,0,4,4,0,3,1,0,3,0,0.0,NaN,NaN,1,0,1,0,0,0,1,0,0,0,0,0,0,0,0,0,0,0,0,7,3,0,1,0,0,1,1,0,0,0,1,0,0,0,17,1,0
/Users/patriziadecristofaro/Desktop/Arduino/arduino-core/src/processing/app/windows/Advapi32.java,processing.app.windows.Advapi32,interface,16,18,2,16,25,6,0,1,300,1.0,0.0,0.0,25,0,25,0,0,0,25,0,0,0,1,0,0,0,0,1,0,0,0,55,0,0,0,0,0,1,0,1,0,1,0,0,7,0,78,1,0
/Users/patriziadecristofaro/Desktop/Arduino/app/src/processing/app/Preferences.java,processing.app.Preferences,class,10,40,30,10,30,1,0,71,143,0.9067462,0.03267974,0.039215688,18,14,13,0,5,0,18,0,0,0,27,7,2,0,0,25,5,0,168,368,7,1,6,1,5,276,21,112,49,53,2,7,1,0,324,1,0
/Users/patriziadecristofaro/Desktop/Arduino/arduino-core/src/cc/arduino/packages/ssh/SSHPwdSetup.java,cc.arduino.packages.ssh.SSHPwdSetup,class,5,7,2,5,1,1,0,4,0,0.0,NaN,NaN,1,0,1,0,0,0,1,0,0,0,0,0,0,0,0,0,0,0,1,8,1,0,0,0,0,2,1,2,1,2,0,0,0,0,18,1,0
/Users/patriziadecristofaro/Desktop/Arduino/app/src/processing/app/Editor.java,processing.app.Editor$TextAreaPopup$Anonymous50,anonymous,1,1,0,1,1,1,0,1,0,0.0,NaN,NaN,1,0,1,0,0,0,1,0,0,0,0,0,0,0,0,0,0,0,0,5,0,0,0,0,0,0,0,0,0,0,0,0,0,0,7,-1,0
/Users/patriziadecristofaro/Desktop/Arduino/app/src/processing/app/syntax/SyntaxDocument.java,processing.app.syntax.SyntaxDocument,class,2,8,6,2,18,3,0,19,30,0.6666667,0.2777778,0.2777778,9,0,7,0,2,0,9,0,0,0,1,0,0,0,1,0,0,0,0,56,3,1,6,1,0,0,5,9,5,8,2,0,0,0,118,1,0
/Users/patriziadecristofaro/Desktop/Arduino/arduino-core/src/processing/app/tools/ExternalProcessExecutor.java,processing.app.tools.ExternalProcessExecutor,class,2,5,3,2,1,2,0,1,0,0.0,NaN,NaN,1,0,1,0,0,0,1,0,0,0,0,0,0,0,0,0,0,0,0,22,0,0,0,0,0,0,0,0,0,0,0,1,0,0,16,1,0
/Users/patriziadecristofaro/Desktop/Arduino/arduino-core/src/processing/app/windows/WINREG.java,processing.app.windows.WINREG,interface,0,0,0,0,0,1,0,0,0,NaN,-1.0,-1.0,0,0,0,0,0,0,0,0,0,0,4,4,4,0,0,0,4,0,0,6,0,0,0,0,0,0,4,4,0,4,0,0,0,0,23,1,0
/Users/patriziadecristofaro/Desktop/Arduino/app/src/processing/app/syntax/JEditTextArea.java,processing.app.syntax.JEditTextArea$DragHandler,innerclass,1,1,0,1,11,1,0,17,0,0.0,0.0,0.0,2,0,2,0,0,0,2,0,0,0,2,0,0,0,0,2,2,0,0,38,1,0,3,0,1,0,1,9,0,7,2,0,0,0,49,0,0
/Users/patriziadecristofaro/Desktop/Arduino/app/src/processing/app/syntax/im/CompositionTextManager.java,processing.app.syntax.im.CompositionTextManager,class,4,6,2,4,25,1,0,34,0,0.65476185,0.6666667,0.7777778,14,0,9,5,0,0,9,0,0,0,6,1,1,5,0,0,1,0,0,119,9,1,4,3,3,4,8,41,12,30,2,0,0,0,145,1,0
/Users/patriziadecristofaro/Desktop/Arduino/app/test/processing/app/HittingEscapeOnCloseConfirmationDialogTest.java,processing.app.HittingEscapeOnCloseConfirmationDialogTest,class,6,6,0,6,1,2,0,12,0,0.0,NaN,NaN,1,0,1,0,0,0,1,0,0,0,0,0,0,0,0,0,0,0,0,11,0,0,0,0,0,4,1,3,0,3,0,0,0,0,27,1,0
/Users/patriziadecristofaro/Desktop/Arduino/app/src/processing/app/EditorConsole.java,processing.app.EditorConsole$Anonymous1$Anonymous2,anonymous,1,1,0,1,2,1,0,4,0,0.0,NaN,NaN,1,0,1,0,0,0,1,0,0,0,0,0,0,0,0,0,0,0,0,8,0,0,0,0,0,0,0,0,0,0,1,0,0,0,1,-1,0
/Users/patriziadecristofaro/Desktop/Arduino/app/src/processing/app/UpdateCheck.java,processing.app.UpdateCheck,class,5,7,2,5,10,1,0,17,1,0.5555556,0.0,0.0,3,0,2,0,1,0,3,0,0,0,3,1,0,0,0,3,1,0,25,54,2,0,4,1,0,24,6,20,5,19,4,0,0,0,114,1,0
/Users/patriziadecristofaro/Desktop/Arduino/arduino-core/src/cc/arduino/packages/discoverers/NetworkDiscovery.java,cc.arduino.packages.discoverers.NetworkDiscovery,class,14,16,2,14,29,1,0,50,28,0.6944444,0.15555556,0.24444444,12,0,10,2,0,0,10,0,0,0,3,0,0,3,0,0,2,0,4,132,3,4,5,3,0,13,3,30,4,27,3,0,0,0,64,1,0
/Users/patriziadecristofaro/Desktop/Arduino/app/src/processing/app/syntax/InputHandler.java,processing.app.syntax.InputHandler$NonRecordable,interface,0,0,0,0,0,1,0,0,0,0.0,-1.0,-1.0,0,0,0,0,0,0,0,0,0,0,0,0,0,0,0,0,0,0,0,2,0,0,0,0,0,0,0,0,0,0,0,0,0,0,16,1,0
/Users/patriziadecristofaro/Desktop/Arduino/app/src/processing/app/Editor.java,processing.app.Editor$TextAreaPopup$Anonymous49,anonymous,1,1,0,1,1,1,0,1,0,0.0,NaN,NaN,1,0,1,0,0,0,1,0,0,0,0,0,0,0,0,0,0,0,1,5,0,0,0,0,0,0,0,0,0,0,0,0,0,0,9,-1,0
/Users/patriziadecristofaro/Desktop/Arduino/arduino-core/src/processing/app/windows/Platform.java,processing.app.windows.Platform,class,12,13,1,12,44,2,0,39,112,0.8541667,0.016666668,0.016666668,16,0,12,0,4,0,16,0,0,0,3,3,0,0,0,3,2,0,28,151,12,1,5,4,0,50,7,30,15,25,3,0,1,0,110,1,0
/Users/patriziadecristofaro/Desktop/Arduino/arduino-core/src/cc/arduino/packages/ssh/SSHConfigFileSetup.java,cc.arduino.packages.ssh.SSHConfigFileSetup$OpenSSHConfigWrapper,innerclass,4,4,0,4,2,1,0,1,0,0.0,1.0,1.0,2,0,2,0,0,0,2,0,0,0,2,0,0,2,0,0,2,0,0,11,1,0,0,0,0,0,0,2,0,2,0,0,0,0,11,9,0
/Users/patriziadecristofaro/Desktop/Arduino/app/src/processing/app/syntax/InputHandler.java,processing.app.syntax.InputHandler$next_word,innerclass,3,3,0,3,5,1,0,15,0,0.0,1.0,1.0,2,0,2,0,0,0,2,0,0,0,1,0,0,1,0,0,0,0,2,27,1,0,2,0,0,1,0,9,3,7,2,0,0,0,21,9,0
/Users/patriziadecristofaro/Desktop/Arduino/arduino-core/src/processing/app/debug/Compiler.java,processing.app.debug.Compiler$Anonymous2,anonymous,0,0,0,0,1,1,0,0,0,0.0,NaN,NaN,1,0,1,0,0,0,1,0,0,0,0,0,0,0,0,0,0,0,0,4,0,0,0,0,0,0,0,0,0,0,0,0,0,0,2,-1,0
/Users/patriziadecristofaro/Desktop/Arduino/app/src/processing/app/Editor.java,processing.app.Editor$SerialMenuListener,innerclass,2,2,0,2,2,1,0,2,0,0.0,1.0,1.0,2,0,2,0,0,0,2,0,0,0,1,0,0,1,0,0,1,0,0,10,0,0,0,0,0,0,0,1,0,1,0,0,0,0,11,0,0
/Users/patriziadecristofaro/Desktop/Arduino/arduino-core/src/processing/app/debug/Compiler.java,processing.app.debug.Compiler$Anonymous1,anonymous,0,0,0,0,1,1,0,0,0,0.0,NaN,NaN,1,0,1,0,0,0,1,0,0,0,0,0,0,0,0,0,0,0,0,4,0,0,0,0,0,0,0,0,0,0,0,0,0,0,2,-1,0
/Users/patriziadecristofaro/Desktop/Arduino/app/src/processing/app/syntax/InputHandler.java,processing.app.syntax.InputHandler$delete,innerclass,2,2,0,2,5,1,0,12,0,0.0,NaN,NaN,1,0,1,0,0,0,1,0,0,0,0,0,0,0,0,0,0,0,1,25,2,0,2,1,0,1,1,2,0,2,2,0,0,0,18,9,0
/Users/patriziadecristofaro/Desktop/Arduino/arduino-core/src/processing/app/SerialPortList.java,processing.app.SerialPortList,class,2,4,2,2,35,1,0,21,13,0.65,0.41666666,0.5833333,10,10,8,2,0,0,9,0,0,0,4,4,0,4,0,0,3,0,13,170,13,2,7,0,2,12,2,23,2,13,6,1,0,0,133,1,0
/Users/patriziadecristofaro/Desktop/Arduino/arduino-core/src/cc/arduino/packages/uploaders/SerialUploader.java,cc.arduino.packages.uploaders.SerialUploader,class,11,15,4,11,54,2,0,35,15,0.0,0.0,0.0,6,0,5,1,0,0,5,0,0,0,0,0,0,0,0,0,0,0,41,203,8,5,7,5,3,70,29,54,6,41,5,0,0,0,82,1,0
/Users/patriziadecristofaro/Desktop/Arduino/arduino-core/src/processing/app/windows/WINERROR.java,processing.app.windows.WINERROR,interface,0,0,0,0,0,1,0,0,0,NaN,-1.0,-1.0,0,0,0,0,0,0,0,0,0,0,4,4,4,0,0,0,4,0,0,6,0,0,0,0,0,0,4,4,0,4,0,0,0,0,17,1,0
/Users/patriziadecristofaro/Desktop/Arduino/app/test/processing/app/I18NTest.java,processing.app.I18NTest,class,3,4,1,3,15,1,0,27,10,0.0,NaN,NaN,5,0,1,4,0,0,1,0,0,0,0,0,0,0,0,0,0,0,1,63,3,5,1,1,0,12,0,9,3,8,3,1,0,0,41,1,0
/Users/patriziadecristofaro/Desktop/Arduino/app/src/processing/app/EditorConsole.java,processing.app.EditorConsole,class,6,10,4,6,6,5,0,33,0,0.4,1.0,1.0,3,0,2,0,0,1,3,0,0,1,5,0,0,0,0,5,0,0,22,73,0,0,0,1,2,8,9,17,5,17,1,1,0,0,123,1,0
/Users/patriziadecristofaro/Desktop/Arduino/app/src/processing/app/syntax/TextUtilities.java,processing.app.syntax.TextUtilities,class,0,6,6,0,29,1,0,6,3,0.0,0.0,0.0,3,3,3,0,0,0,3,0,0,0,0,0,0,0,0,0,0,0,4,90,7,4,13,0,4,2,23,36,6,19,5,0,0,0,71,1,0
/Users/patriziadecristofaro/Desktop/Arduino/app/src/processing/app/syntax/JEditTextArea.java,processing.app.syntax.JEditTextArea,class,25,88,63,25,234,8,0,139,4544,0.986866,0.13978495,0.72317547,96,0,89,3,4,0,94,0,51,0,46,7,3,1,42,0,0,0,24,1222,85,12,71,8,17,19,88,244,98,172,5,1,10,0,532,1,0
/Users/patriziadecristofaro/Desktop/Arduino/arduino-core/src/processing/app/windows/WINBASE.java,processing.app.windows.WINBASE$SECURITY_ATTRIBUTES,innerclass,2,2,0,2,0,2,0,0,0,NaN,-1.0,-1.0,0,0,0,0,0,0,0,0,0,0,3,0,3,0,0,0,0,0,0,5,0,0,0,0,0,0,0,0,0,3,0,0,0,0,21,9,0
/Users/patriziadecristofaro/Desktop/Arduino/app/src/processing/app/FindReplace.java,processing.app.FindReplace,class,6,14,8,6,53,6,0,51,0,0.73749995,0.5,0.7777778,10,0,9,1,0,0,9,0,0,0,16,5,0,16,0,0,0,0,30,298,7,1,16,0,2,12,78,79,6,38,6,6,0,0,183,1,0
/Users/patriziadecristofaro/Desktop/Arduino/app/src/processing/app/debug/TextAreaFIFO.java,processing.app.debug.TextAreaFIFO$Anonymous1,anonymous,1,1,0,1,1,1,0,1,0,0.0,NaN,NaN,1,0,1,0,0,0,1,0,0,0,0,0,0,0,0,0,0,0,0,5,0,0,0,0,0,0,0,0,0,0,0,0,0,0,3,-1,0
/Users/patriziadecristofaro/Desktop/Arduino/arduino-core/src/processing/app/windows/Advapi32.java,processing.app.windows.Advapi32$SERVICE_DESCRIPTION,innerclass,1,1,0,1,0,3,0,0,0,NaN,-1.0,-1.0,0,0,0,0,0,0,0,0,0,0,1,0,1,0,0,0,0,0,0,3,0,0,0,0,0,0,0,0,0,1,0,0,0,0,18,9,0
/Users/patriziadecristofaro/Desktop/Arduino/app/format/src/AutoFormat.java,processing.app.tools.AutoFormat,class,4,4,0,4,3,2,0,7,0,0.0,1.0,1.0,2,0,2,0,0,0,2,0,0,0,1,0,0,0,0,1,0,0,2,50,0,0,0,0,0,2,0,4,0,4,1,0,1,0,36,1,0
/Users/patriziadecristofaro/Desktop/Arduino/arduino-core/src/processing/app/helpers/PreferencesMapException.java,processing.app.helpers.PreferencesMapException,class,0,1,1,0,1,3,0,0,0,0.0,NaN,NaN,1,0,1,0,0,0,1,0,0,0,0,0,0,0,0,0,0,0,0,5,0,0,0,0,0,1,0,0,0,0,0,0,0,0,4,1,0
/Users/patriziadecristofaro/Desktop/Arduino/app/src/processing/app/PresentMode.java,processing.app.PresentMode$Anonymous1,anonymous,1,1,0,1,1,1,0,2,0,0.0,NaN,NaN,1,0,1,0,0,0,1,0,0,0,0,0,0,0,0,0,0,0,1,6,0,0,0,0,0,1,1,1,1,1,0,0,0,0,6,-1,0
/Users/patriziadecristofaro/Desktop/Arduino/app/src/processing/app/syntax/JEditTextArea.java,processing.app.syntax.JEditTextArea$Anonymous1,anonymous,0,0,0,0,2,1,0,3,0,0.0,NaN,NaN,1,0,1,0,0,0,1,0,0,0,0,0,0,0,0,0,0,0,0,7,1,0,0,0,0,0,1,1,2,1,1,0,0,0,10,-1,0
/Users/patriziadecristofaro/Desktop/Arduino/app/test/processing/app/helpers/JEditTextAreaComponentDriver.java,processing.app.helpers.JEditTextAreaComponentDriver,class,4,5,1,4,7,2,0,4,21,0.0,0.0,0.0,7,0,7,0,0,0,7,0,0,0,0,0,0,0,0,0,0,0,0,58,3,0,0,0,0,0,0,0,0,0,0,5,0,0,25,1,0
/Users/patriziadecristofaro/Desktop/Arduino/app/src/processing/app/syntax/TextAreaDefaults.java,processing.app.syntax.TextAreaDefaults,class,6,11,5,6,2,1,1,2,0,0.17391305,NaN,NaN,1,1,1,0,0,0,1,0,0,0,23,1,22,1,0,0,0,0,1,50,1,0,1,0,0,0,6,19,0,23,1,0,0,0,85,1,0
/Users/patriziadecristofaro/Desktop/Arduino/app/src/processing/app/Editor.java,processing.app.Editor,class,46,106,60,46,216,13,0,271,1694,0.96181834,0.21018456,0.6681476,77,3,48,0,29,0,77,0,0,1,49,13,0,2,3,44,6,0,216,1833,63,15,47,15,5,172,63,247,24,176,4,48,9,0,616,1,1
/Users/patriziadecristofaro/Desktop/Arduino/app/src/processing/app/syntax/JEditTextArea.java,processing.app.syntax.JEditTextArea$CaretBlinker$Anonymous2,anonymous,1,1,0,1,3,1,0,2,0,0.0,NaN,NaN,1,0,1,0,0,0,1,0,0,0,0,0,0,0,0,0,0,0,0,5,0,0,1,0,0,0,0,0,0,0,1,0,0,0,4,-1,0
/Users/patriziadecristofaro/Desktop/Arduino/app/src/processing/app/EditorConsole.java,processing.app.BufferedStyledDocument,class,1,3,2,1,11,3,0,11,0,0.5,0.8333333,1.0,4,0,4,0,0,0,4,0,0,2,4,0,0,4,0,0,0,0,0,51,2,1,3,1,0,1,7,19,3,15,3,0,0,0,80,0,0
/Users/patriziadecristofaro/Desktop/Arduino/app/src/processing/app/syntax/Token.java,processing.app.syntax.Token,class,1,7,6,1,2,1,0,0,0,0.8947368,1.0,1.0,2,0,2,0,0,0,2,0,0,0,19,16,19,0,0,0,16,0,0,28,1,0,0,0,0,3,16,18,1,19,0,0,0,0,116,1,0
/Users/patriziadecristofaro/Desktop/Arduino/arduino-core/src/cc/arduino/packages/Uploader.java,cc.arduino.packages.Uploader,class,8,17,9,8,25,1,2,18,29,0.7833333,0.13333334,0.13333334,10,0,5,1,4,0,10,2,0,0,6,2,0,3,3,0,3,0,12,86,10,1,4,1,0,25,5,18,1,9,3,0,0,0,105,1025,0
/Users/patriziadecristofaro/Desktop/Arduino/app/src/processing/app/CaretAwareUndoableEdit.java,processing.app.CaretAwareUndoableEdit,class,1,4,3,1,13,1,0,12,0,0.46153846,0.85897434,1.0,13,0,13,0,0,0,13,0,0,0,2,0,0,2,0,0,2,0,0,44,9,0,0,0,0,0,0,2,0,2,0,0,0,0,26,1,0
/Users/patriziadecristofaro/Desktop/Arduino/app/test/processing/app/AutoformatTest.java,processing.app.AutoformatTest,class,5,5,0,5,1,2,0,7,0,0.0,NaN,NaN,1,0,1,0,0,0,1,0,0,0,0,0,0,0,0,0,0,0,0,11,0,0,0,0,0,20,0,3,2,3,0,0,0,0,35,1,0
/Users/patriziadecristofaro/Desktop/Arduino/app/src/processing/app/syntax/InputHandler.java,processing.app.syntax.InputHandler$insert_break,innerclass,2,2,0,2,2,1,0,5,0,0.0,NaN,NaN,1,0,1,0,0,0,1,0,0,0,0,0,0,0,0,0,0,0,1,10,1,0,0,0,0,1,0,1,0,1,1,0,0,0,14,9,0
/Users/patriziadecristofaro/Desktop/Arduino/arduino-core/src/processing/app/legacy/PApplet.java,processing.app.legacy.PApplet,class,3,21,18,3,107,1,0,73,735,0.968661,0.0012820513,0.0012820513,39,34,39,0,0,0,40,0,6,0,9,8,5,3,0,1,3,0,45,400,55,13,27,12,10,26,253,90,19,67,3,0,0,0,474,1,0
/Users/patriziadecristofaro/Desktop/Arduino/arduino-core/src/processing/app/debug/TargetPlatform.java,processing.app.debug.TargetPlatform,class,6,17,11,6,30,1,0,19,48,0.80769235,0.17948718,0.5769231,13,0,13,0,0,0,13,0,0,0,8,0,0,8,0,0,0,0,10,103,13,2,2,4,0,18,0,22,3,19,3,0,0,0,64,1,0
/Users/patriziadecristofaro/Desktop/Arduino/app/src/processing/app/Resources.java,processing.app.Resources,class,0,0,0,0,1,3,0,0,0,0.0,NaN,NaN,1,0,0,0,1,0,1,0,0,0,0,0,0,0,0,0,0,0,0,5,1,0,0,0,0,0,0,0,0,0,0,0,0,0,6,1,0
/Users/patriziadecristofaro/Desktop/Arduino/app/test/processing/app/DefaultTargetTest.java,processing.app.DefaultTargetTest,class,8,8,0,8,3,2,0,8,1,0.33333334,0.33333334,0.33333334,3,0,3,0,0,0,3,0,0,0,1,0,0,1,0,0,0,0,6,17,0,0,0,0,0,5,1,2,0,2,0,0,0,0,21,1,0
/Users/patriziadecristofaro/Desktop/Arduino/app/src/processing/app/debug/MessageStream.java,processing.app.debug.MessageStream,class,2,2,0,2,6,2,0,2,13,0.6666667,0.06666667,0.06666667,6,0,6,0,0,0,6,0,0,0,1,0,0,0,0,1,0,0,0,19,0,0,0,0,1,3,0,1,2,1,0,0,0,0,21,0,0
/Users/patriziadecristofaro/Desktop/Arduino/app/src/processing/app/syntax/InputHandler.java,processing.app.syntax.InputHandler$toggle_rect,innerclass,2,2,0,2,1,1,0,3,0,0.0,NaN,NaN,1,0,1,0,0,0,1,0,0,0,0,0,0,0,0,0,0,0,1,6,0,0,0,0,0,0,0,1,0,1,0,0,0,0,14,9,0
/Users/patriziadecristofaro/Desktop/Arduino/app/src/processing/app/syntax/InputHandler.java,processing.app.syntax.InputHandler$next_char,innerclass,2,2,0,2,6,1,0,10,0,0.0,1.0,1.0,2,0,2,0,0,0,2,0,0,0,1,0,0,1,0,0,0,0,1,31,0,0,3,0,0,0,2,5,2,5,2,0,0,0,18,9,0
/Users/patriziadecristofaro/Desktop/Arduino/arduino-core/src/processing/app/helpers/BasicUserNotifier.java,processing.app.helpers.BasicUserNotifier,class,2,3,1,2,8,2,0,4,3,0.0,0.0,0.0,3,0,3,0,0,0,3,0,0,0,0,0,0,0,0,0,0,0,4,17,0,0,5,0,0,6,0,3,3,0,1,0,0,0,37,1,0
/Users/patriziadecristofaro/Desktop/Arduino/arduino-core/src/processing/app/packages/Library.java,processing.app.packages.Library$Anonymous1,anonymous,1,1,0,1,1,1,0,2,0,0.0,NaN,NaN,1,0,1,0,0,0,1,0,0,0,0,0,0,0,0,0,0,0,0,5,1,0,0,0,0,0,0,0,0,0,0,0,0,0,3,-1,0
/Users/patriziadecristofaro/Desktop/Arduino/arduino-core/src/cc/arduino/packages/ssh/NoInteractionUserInfo.java,cc.arduino.packages.ssh.NoInteractionUserInfo,class,1,3,2,1,7,1,0,0,15,0.5714286,0.14285715,0.14285715,7,0,7,0,0,0,7,0,0,0,1,0,0,1,0,0,1,0,0,23,5,0,0,0,0,0,0,1,0,1,0,0,0,0,15,1,0
/Users/patriziadecristofaro/Desktop/Arduino/app/src/processing/app/tools/FixEncoding.java,processing.app.tools.FixEncoding,class,7,8,1,7,9,1,0,20,4,0.5,0.16666667,0.16666667,4,0,3,0,1,0,4,0,0,0,1,0,0,0,0,1,0,0,7,42,3,2,2,1,1,5,1,11,1,10,2,0,0,0,58,1,0
