file,class,type,cbo,cboModified,fanin,fanout,wmc,dit,noc,rfc,lcom,lcom*,tcc,lcc,totalMethodsQty,staticMethodsQty,publicMethodsQty,privateMethodsQty,protectedMethodsQty,defaultMethodsQty,visibleMethodsQty,abstractMethodsQty,finalMethodsQty,synchronizedMethodsQty,totalFieldsQty,staticFieldsQty,publicFieldsQty,privateFieldsQty,protectedFieldsQty,defaultFieldsQty,finalFieldsQty,synchronizedFieldsQty,nosi,loc,returnQty,loopQty,comparisonsQty,tryCatchQty,parenthesizedExpsQty,stringLiteralsQty,numbersQty,assignmentsQty,mathOperationsQty,variablesQty,maxNestedBlocksQty,anonymousClassesQty,innerClassesQty,lambdasQty,uniqueWordsQty,modifiers,logStatementsQty
/Users/patriziadecristofaro/GIT/RxJava/rxjava-core/src/main/java/rx/operators/OperationMerge.java,rx.operators.OperationMerge$UnitTest$TestASynchronousObservable,innerclass,4,4,0,4,1,2,0,1,0,0.0,NaN,NaN,1,0,1,0,0,0,1,0,0,0,1,0,0,0,0,1,0,0,0,18,1,0,0,0,0,0,0,1,0,1,0,2,0,0,10,10,0
/Users/patriziadecristofaro/GIT/RxJava/rxjava-core/src/main/java/rx/operators/OperationMap.java,rx.operators.OperationMap$UnitTest$Anonymous4,anonymous,3,3,0,3,1,1,0,2,0,0.0,NaN,NaN,1,0,1,0,0,0,1,0,0,0,0,0,0,0,0,0,0,0,2,10,1,0,0,0,0,0,0,0,0,0,0,1,0,0,3,-1,0
/Users/patriziadecristofaro/GIT/RxJava/rxjava-core/src/main/java/rx/operators/OperationToObservableList.java,rx.operators.OperationToObservableList$ToObservableList$Anonymous1,anonymous,3,3,0,3,5,1,0,7,3,0.0,0.0,0.0,3,0,3,0,0,0,3,0,0,0,0,0,0,0,0,0,0,0,0,21,0,1,0,1,0,0,0,1,0,1,2,0,0,0,12,-1,0
/Users/patriziadecristofaro/GIT/RxJava/rxjava-core/src/main/java/rx/operators/OperationTake.java,rx.operators.OperationTake$Anonymous1,anonymous,4,4,0,4,1,1,0,1,0,0.0,NaN,NaN,1,0,1,0,0,0,1,0,0,0,0,0,0,0,0,0,0,0,0,5,1,0,0,0,0,0,0,0,0,0,0,0,0,0,3,-1,0
/Users/patriziadecristofaro/GIT/RxJava/rxjava-core/src/main/java/rx/operators/OperationSkip.java,rx.operators.OperationSkip$Skip$ItemObserver,innerclass,2,2,0,2,5,1,0,4,0,0.375,1.0,1.0,4,0,4,0,0,0,4,0,0,0,2,0,0,2,0,0,1,0,0,18,0,0,0,0,0,0,0,2,0,2,1,0,0,0,25,2,0
/Users/patriziadecristofaro/GIT/RxJava/language-adaptors/rxjava-jruby/src/main/java/rx/lang/jruby/JRubyAdaptor.java,rx.lang.jruby.JRubyAdaptor$UnitTest$ScriptAssertion,interface,0,0,0,0,2,1,0,0,1,0.0,0.0,0.0,2,0,2,0,0,0,2,0,0,0,0,0,0,0,0,0,0,0,0,4,0,0,0,0,0,0,0,0,0,0,0,0,0,0,7,10,0
/Users/patriziadecristofaro/GIT/RxJava/rxjava-core/src/main/java/rx/operators/OperationTake.java,rx.operators.OperationTake$Anonymous2,anonymous,1,1,0,1,2,1,0,0,0,0.0,NaN,NaN,1,0,1,0,0,0,1,0,0,0,0,0,0,0,0,0,0,0,0,5,1,0,0,0,0,0,0,0,0,0,0,0,0,0,6,-1,0
/Users/patriziadecristofaro/GIT/RxJava/rxjava-core/src/main/java/rx/operators/OperationMap.java,rx.operators.OperationMap$UnitTest$Anonymous2,anonymous,4,4,0,4,2,1,0,4,0,0.0,NaN,NaN,1,0,1,0,0,0,1,0,0,0,0,0,0,0,0,0,0,0,4,21,1,0,1,0,0,5,1,7,0,5,1,1,0,0,13,-1,0
/Users/patriziadecristofaro/GIT/RxJava/rxjava-core/src/main/java/rx/operators/OperationTake.java,rx.operators.OperationTake$Anonymous3,anonymous,2,2,0,2,1,1,0,1,0,0.0,NaN,NaN,1,0,1,0,0,0,1,0,0,0,0,0,0,0,0,0,0,0,0,5,1,0,0,0,0,0,0,0,0,0,0,0,0,0,6,-1,0
/Users/patriziadecristofaro/GIT/RxJava/rxjava-core/src/main/java/rx/operators/OperationMap.java,rx.operators.OperationMap$UnitTest$Anonymous1,anonymous,0,0,0,0,1,1,0,1,0,0.0,NaN,NaN,1,0,1,0,0,0,1,0,0,0,0,0,0,0,0,0,0,0,0,5,1,0,0,0,0,1,0,0,0,0,0,0,0,0,2,-1,0
/Users/patriziadecristofaro/GIT/RxJava/rxjava-core/src/main/java/rx/operators/OperationOnErrorReturn.java,rx.operators.OperationOnErrorReturn$UnitTest$TestObservable$Anonymous5,anonymous,1,1,0,1,3,1,0,3,0,0.0,NaN,NaN,1,0,1,0,0,0,1,0,0,0,0,0,0,0,0,0,0,0,0,15,0,1,0,1,0,3,0,0,1,0,2,0,0,0,8,-1,0
/Users/patriziadecristofaro/GIT/RxJava/rxjava-core/src/main/java/rx/operators/OperationTakeLast.java,rx.operators.OperationTakeLast$TakeLast,innerclass,7,7,0,7,2,1,0,2,0,0.33333334,1.0,1.0,2,0,1,0,0,1,2,0,0,0,3,0,0,3,0,0,3,0,0,34,1,0,0,0,0,0,0,3,0,3,0,0,1,0,12,10,0
/Users/patriziadecristofaro/GIT/RxJava/rxjava-core/src/main/java/rx/operators/OperationMergeDelayError.java,rx.operators.OperationMergeDelayError$UnitTest$TestObservable,innerclass,3,3,0,3,4,2,0,3,0,0.5833333,1.0,1.0,4,0,4,0,0,0,4,0,0,0,3,0,0,0,0,3,0,0,0,23,1,0,0,0,0,1,0,4,0,3,0,1,0,0,37,10,0
/Users/patriziadecristofaro/GIT/RxJava/rxjava-core/src/test/java/rx/performance/PerformanceTest.java,rx.performance.PerformanceTest$TestObserver,innerclass,1,1,0,1,4,1,0,5,0,0.375,0.33333334,0.33333334,4,0,3,1,0,0,3,0,0,0,2,0,0,2,0,0,2,0,1,18,0,0,0,0,2,3,2,3,4,3,0,0,0,0,14,26,0
/Users/patriziadecristofaro/GIT/RxJava/rxjava-core/src/main/java/rx/operators/OperationToObservableIterable.java,rx.operators.OperationToObservableIterable$ToObservableIterable,innerclass,5,5,0,5,3,1,0,3,0,0.0,1.0,1.0,2,0,2,0,0,0,2,0,0,0,1,0,1,0,0,0,0,0,1,13,1,1,0,0,0,0,0,1,0,1,1,0,0,0,10,10,0
/Users/patriziadecristofaro/GIT/RxJava/rxjava-core/src/main/java/rx/operators/OperationMergeDelayError.java,rx.operators.OperationMergeDelayError$UnitTest$TestASynchronousObservable$Anonymous10,anonymous,0,0,0,0,1,1,0,0,0,0.0,NaN,NaN,1,0,1,0,0,0,1,0,0,0,0,0,0,0,0,0,0,0,0,4,0,0,0,0,0,0,0,0,0,0,0,0,0,0,1,-1,0
/Users/patriziadecristofaro/GIT/RxJava/rxjava-core/src/main/java/rx/subjects/Subject.java,rx.subjects.Subject$UnitTest,innerclass,8,8,0,8,1,1,0,12,0,0.0,NaN,NaN,1,0,1,0,0,0,1,0,0,0,0,0,0,0,0,0,0,0,3,43,0,0,0,0,0,0,6,5,0,5,0,2,0,0,12,9,0
/Users/patriziadecristofaro/GIT/RxJava/language-adaptors/rxjava-jruby/src/main/java/rx/lang/jruby/JRubyAdaptor.java,rx.lang.jruby.JRubyAdaptor,class,4,4,0,4,3,1,0,5,1,0.0,0.0,0.0,2,0,2,0,0,0,2,0,0,0,0,0,0,0,0,0,0,0,0,130,2,1,0,0,1,0,1,5,0,4,1,0,1,0,15,1,0
/Users/patriziadecristofaro/GIT/RxJava/rxjava-core/src/main/java/rx/operators/OperationConcat.java,rx.operators.OperationConcat$UnitTest,innerclass,8,8,0,8,6,2,0,21,0,0.33333334,0.6,0.6,5,0,5,0,0,0,5,0,0,0,3,1,0,2,0,1,1,0,15,128,0,0,0,1,0,43,8,28,0,27,1,2,1,0,40,9,0
/Users/patriziadecristofaro/GIT/RxJava/rxjava-core/src/main/java/rx/operators/OperationLast.java,rx.operators.OperationLast$Last$Anonymous1,anonymous,2,2,0,2,4,1,0,7,3,0.0,0.0,0.0,3,0,3,0,0,0,3,0,0,0,0,0,0,0,0,0,0,0,0,15,0,0,0,0,0,0,0,0,0,0,1,0,0,0,9,-1,0
/Users/patriziadecristofaro/GIT/RxJava/rxjava-core/src/main/java/rx/util/SynchronizedObserver.java,rx.util.SynchronizedObserver$UnitTest$TestMultiThreadedObservable,innerclass,3,3,0,3,4,1,0,4,0,0.6666667,0.6666667,1.0,3,0,3,0,0,0,3,0,0,0,6,0,0,0,0,6,2,0,1,73,1,0,0,1,0,3,0,7,0,6,1,1,0,0,43,10,0
/Users/patriziadecristofaro/GIT/RxJava/rxjava-core/src/main/java/rx/operators/OperationToObservableFuture.java,rx.operators.OperationToObservableFuture,class,5,6,1,5,2,1,0,0,1,0.0,0.0,0.0,2,2,2,0,0,0,2,0,0,0,0,0,0,0,0,0,0,0,0,64,2,0,0,0,0,0,0,0,0,0,0,0,2,0,9,1,0
/Users/patriziadecristofaro/GIT/RxJava/rxjava-core/src/main/java/rx/util/SynchronizedObserver.java,rx.util.SynchronizedObserver$UnitTest$CompletionThread,innerclass,2,2,0,2,7,1,0,4,0,0.0,1.0,1.0,2,0,1,0,0,1,2,0,0,0,3,0,0,3,0,0,3,0,0,31,0,1,3,1,0,3,0,3,0,3,3,0,0,0,32,9,0
/Users/patriziadecristofaro/GIT/RxJava/rxjava-core/src/main/java/rx/operators/OperationMaterialize.java,rx.operators.OperationMaterialize$UnitTest,innerclass,6,6,0,6,6,1,0,15,3,0.0,0.0,0.0,3,0,3,0,0,0,3,0,0,0,0,0,0,0,0,0,0,0,6,61,0,0,0,3,0,14,17,10,0,10,1,0,0,0,24,9,0
/Users/patriziadecristofaro/GIT/RxJava/rxjava-core/src/main/java/rx/operators/OperationToObservableSortedList.java,rx.operators.OperationToObservableSortedList$UnitTest,innerclass,5,5,0,5,2,1,0,14,1,0.0,0.0,0.0,2,0,2,0,0,0,2,0,0,0,0,0,0,0,0,0,0,0,8,25,0,0,0,0,0,2,24,6,0,6,0,1,0,0,16,9,0
/Users/patriziadecristofaro/GIT/RxJava/rxjava-core/src/main/java/rx/subjects/Subject.java,rx.subjects.Subject,class,6,8,2,6,8,2,0,4,0,0.0,0.6,0.6,5,1,4,0,1,0,5,0,0,0,1,0,0,1,0,0,1,0,0,83,1,3,0,0,0,0,0,3,0,3,1,1,1,0,13,1,0
/Users/patriziadecristofaro/GIT/RxJava/rxjava-core/src/main/java/rx/operators/OperationMap.java,rx.operators.OperationMap$UnitTest$Anonymous4$Anonymous5,anonymous,0,0,0,0,1,1,0,1,0,0.0,NaN,NaN,1,0,1,0,0,0,1,0,0,0,0,0,0,0,0,0,0,0,0,5,1,0,0,0,0,1,0,0,0,0,0,0,0,0,2,-1,0
/Users/patriziadecristofaro/GIT/RxJava/rxjava-core/src/main/java/rx/util/Range.java,rx.util.Range,class,2,5,3,2,6,1,0,1,0,0.33333334,0.6,0.6,6,3,5,1,0,0,5,0,0,0,3,0,0,3,0,0,3,0,1,69,5,0,0,0,0,3,1,3,2,3,0,1,1,0,12,17,0
/Users/patriziadecristofaro/GIT/RxJava/rxjava-core/src/main/java/rx/plugins/RxJavaErrorHandler.java,rx.plugins.RxJavaErrorHandler,class,0,5,5,0,1,1,3,0,0,0.0,NaN,NaN,1,0,1,0,0,0,1,0,0,0,0,0,0,0,0,0,0,0,0,4,0,0,0,0,0,0,0,0,0,0,0,0,0,0,49,1025,0
/Users/patriziadecristofaro/GIT/RxJava/rxjava-core/src/main/java/rx/operators/OperationToObservableIterable.java,rx.operators.OperationToObservableIterable$UnitTest,innerclass,4,4,0,4,1,1,0,12,0,0.0,NaN,NaN,1,0,1,0,0,0,1,0,0,0,0,0,0,0,0,0,0,0,3,12,0,0,0,0,0,7,4,2,0,2,0,0,0,0,14,9,0
/Users/patriziadecristofaro/GIT/RxJava/rxjava-core/src/main/java/rx/operators/OperationCombineLatest.java,rx.operators.OperationCombineLatest$UnitTest,innerclass,14,14,0,14,20,2,0,31,153,0.0,0.0,0.0,18,1,13,5,0,0,13,0,0,0,0,0,0,0,0,0,0,0,28,328,7,0,1,0,0,94,53,68,0,68,2,4,1,0,92,9,1
/Users/patriziadecristofaro/GIT/RxJava/rxjava-core/src/main/java/rx/operators/OperationToObservableSortedList.java,rx.operators.OperationToObservableSortedList$ToObservableSortedList$DefaultComparableFunction,innerclass,1,1,0,1,1,1,0,1,0,0.0,NaN,NaN,1,0,1,0,0,0,1,0,0,0,0,0,0,0,0,0,0,0,0,7,1,0,0,0,0,1,0,2,0,2,0,0,0,0,10,10,0
/Users/patriziadecristofaro/GIT/RxJava/rxjava-core/src/main/java/rx/util/Range.java,rx.util.Range$UnitTest,innerclass,4,4,0,4,8,1,0,7,21,0.0,0.0,0.0,7,1,6,1,0,0,6,0,0,0,0,0,0,0,0,0,0,0,18,27,1,1,0,0,0,0,40,1,0,1,1,0,0,0,19,9,0
/Users/patriziadecristofaro/GIT/RxJava/rxjava-core/src/main/java/rx/operators/OperationSynchronize.java,rx.operators.OperationSynchronize$UnitTest,innerclass,6,6,0,6,7,2,0,15,21,0.0,0.0,0.0,7,0,7,0,0,0,7,0,0,0,0,0,0,0,0,0,0,0,14,106,0,0,0,0,0,35,11,28,0,28,0,0,1,0,32,9,0
/Users/patriziadecristofaro/GIT/RxJava/rxjava-core/src/main/java/rx/util/functions/Functions.java,rx.util.functions.Functions$Anonymous15,anonymous,4,4,0,4,2,1,0,1,0,0.0,NaN,NaN,1,0,1,0,0,0,1,0,0,0,0,0,0,0,0,0,0,0,0,9,1,0,1,0,0,2,4,0,0,0,1,0,0,0,10,-1,0
/Users/patriziadecristofaro/GIT/RxJava/rxjava-core/src/main/java/rx/operators/OperationMergeDelayError.java,rx.operators.OperationMergeDelayError$MergeDelayErrorObservable,innerclass,6,6,0,6,2,1,0,1,0,0.78571427,NaN,NaN,2,0,1,1,0,0,1,0,0,0,7,0,0,7,0,0,4,0,0,113,1,0,0,0,0,0,0,7,0,7,0,0,3,0,72,26,0
/Users/patriziadecristofaro/GIT/RxJava/rxjava-core/src/main/java/rx/util/functions/Functions.java,rx.util.functions.Functions$Anonymous14,anonymous,3,3,0,3,2,1,0,1,0,0.0,NaN,NaN,1,0,1,0,0,0,1,0,0,0,0,0,0,0,0,0,0,0,0,9,1,0,1,0,0,2,3,0,0,0,1,0,0,0,9,-1,0
/Users/patriziadecristofaro/GIT/RxJava/rxjava-core/src/main/java/rx/operators/OperationMerge.java,rx.operators.OperationMerge$UnitTest$TestErrorObservable$Anonymous10,anonymous,0,0,0,0,1,1,0,0,0,0.0,NaN,NaN,1,0,1,0,0,0,1,0,0,0,0,0,0,0,0,0,0,0,0,4,0,0,0,0,0,0,0,0,0,0,0,0,0,0,1,-1,0
/Users/patriziadecristofaro/GIT/RxJava/language-adaptors/rxjava-jruby/src/main/java/rx/lang/jruby/JRubyAdaptor.java,rx.lang.jruby.JRubyAdaptor$UnitTest$TestFactory,innerclass,2,2,0,2,2,1,0,1,1,0.5,0.0,0.0,2,0,2,0,0,0,2,0,0,0,1,0,0,0,0,1,0,0,1,9,2,0,0,0,0,0,6,1,0,1,0,0,0,0,6,9,0
/Users/patriziadecristofaro/GIT/RxJava/rxjava-core/src/main/java/rx/operators/OperationConcat.java,rx.operators.OperationConcat$UnitTest$Anonymous5$Anonymous6,anonymous,0,0,0,0,1,1,0,0,0,0.0,NaN,NaN,1,0,1,0,0,0,1,0,0,0,0,0,0,0,0,0,0,0,0,4,0,0,0,0,0,0,0,0,0,0,0,0,0,0,1,-1,0
/Users/patriziadecristofaro/GIT/RxJava/rxjava-core/src/main/java/rx/operators/OperationToObservableFuture.java,rx.operators.OperationToObservableFuture$ToObservableFuture,innerclass,5,5,0,5,6,1,0,7,0,0.0,1.0,1.0,3,0,3,0,0,0,3,0,0,0,3,0,0,3,0,0,3,0,1,28,1,0,1,1,1,0,0,7,0,4,2,0,0,0,17,10,0
/Users/patriziadecristofaro/GIT/RxJava/rxjava-core/src/main/java/rx/operators/OperationNext.java,rx.operators.OperationNext$UnitTest$Anonymous3$Anonymous4,anonymous,1,1,0,1,3,1,0,7,0,0.0,NaN,NaN,1,0,1,0,0,0,1,0,0,0,0,0,0,0,0,0,0,0,1,17,0,1,0,1,0,0,2,0,0,0,2,0,0,0,3,-1,0
/Users/patriziadecristofaro/GIT/RxJava/language-adaptors/rxjava-clojure/src/main/java/rx/lang/clojure/ClojureAdaptor.java,rx.lang.clojure.ClojureAdaptor,class,2,2,0,2,23,1,0,2,1,0.0,0.0,0.0,2,0,2,0,0,0,2,0,0,0,0,0,0,0,0,0,0,0,1,93,23,0,21,0,22,0,252,0,0,0,1,0,1,0,12,1,0
/Users/patriziadecristofaro/GIT/RxJava/rxjava-core/src/main/java/rx/operators/OperationFilter.java,rx.operators.OperationFilter,class,6,8,2,6,1,1,0,0,0,0.0,NaN,NaN,1,1,1,0,0,0,1,0,0,0,0,0,0,0,0,0,0,0,0,54,1,0,0,0,0,0,0,0,0,0,0,0,2,0,2,17,0
/Users/patriziadecristofaro/GIT/RxJava/rxjava-core/src/main/java/rx/operators/OperationMergeDelayError.java,rx.operators.OperationMergeDelayError$UnitTest$TestSynchronousObservable,innerclass,4,4,0,4,1,2,0,2,0,0.0,NaN,NaN,1,0,1,0,0,0,1,0,0,0,0,0,0,0,0,0,0,0,0,11,1,0,0,0,0,1,0,0,0,0,0,1,0,0,6,10,0
/Users/patriziadecristofaro/GIT/RxJava/rxjava-core/src/main/java/rx/Observable.java,rx.Observable$ThrowObservable$Anonymous11,anonymous,4,4,0,4,1,1,0,1,0,0.0,NaN,NaN,1,0,1,0,0,0,1,0,0,0,0,0,0,0,0,0,0,0,0,6,1,0,0,0,0,0,0,0,0,0,0,0,0,0,20,-1,0
/Users/patriziadecristofaro/GIT/RxJava/rxjava-core/src/main/java/rx/operators/OperationLast.java,rx.operators.OperationLast$Last,innerclass,5,5,0,5,2,1,0,1,0,0.6666667,1.0,1.0,2,0,2,0,0,0,2,0,0,0,3,0,0,3,0,0,3,0,0,26,1,0,0,0,0,0,0,3,0,3,0,1,0,0,13,10,0
/Users/patriziadecristofaro/GIT/RxJava/rxjava-core/src/main/java/rx/util/SynchronizedObserver.java,rx.util.SynchronizedObserver$UnitTest,innerclass,16,16,0,16,17,1,0,29,21,0.85714287,0.0,0.0,7,1,6,1,0,0,6,0,0,0,1,0,0,0,0,1,0,0,7,379,0,1,0,4,0,27,25,45,4,46,2,0,7,0,94,9,0
/Users/patriziadecristofaro/GIT/RxJava/rxjava-core/src/main/java/rx/util/functions/Functions.java,rx.util.functions.Functions$Anonymous11,anonymous,11,11,0,11,2,1,0,1,0,0.0,NaN,NaN,1,0,1,0,0,0,1,0,0,0,0,0,0,0,0,0,0,0,0,8,1,0,1,0,0,2,10,0,0,0,1,0,0,0,15,-1,0
/Users/patriziadecristofaro/GIT/RxJava/rxjava-core/src/main/java/rx/util/functions/Functions.java,rx.util.functions.Functions$Anonymous10,anonymous,10,10,0,10,2,1,0,1,0,0.0,NaN,NaN,1,0,1,0,0,0,1,0,0,0,0,0,0,0,0,0,0,0,0,8,1,0,1,0,0,2,9,0,0,0,1,0,0,0,14,-1,0
/Users/patriziadecristofaro/GIT/RxJava/rxjava-core/src/main/java/rx/operators/OperationLast.java,rx.operators.OperationLast$UnitTest,innerclass,4,4,0,4,1,1,0,12,0,0.0,NaN,NaN,1,0,1,0,0,0,1,0,0,0,0,0,0,0,0,0,0,0,3,13,0,0,0,0,0,7,2,3,0,3,0,0,0,0,12,9,0
/Users/patriziadecristofaro/GIT/RxJava/rxjava-core/src/main/java/rx/util/functions/Functions.java,rx.util.functions.Functions$Anonymous13,anonymous,2,2,0,2,2,1,0,1,0,0.0,NaN,NaN,1,0,1,0,0,0,1,0,0,0,0,0,0,0,0,0,0,0,0,9,1,0,1,0,0,2,2,0,0,0,1,0,0,0,8,-1,0
/Users/patriziadecristofaro/GIT/RxJava/rxjava-core/src/main/java/rx/util/functions/Functions.java,rx.util.functions.Functions$Anonymous12,anonymous,1,1,0,1,2,1,0,1,0,0.0,NaN,NaN,1,0,1,0,0,0,1,0,0,0,0,0,0,0,0,0,0,0,0,9,1,0,1,0,0,1,1,0,0,0,1,0,0,0,7,-1,0
/Users/patriziadecristofaro/GIT/RxJava/rxjava-core/src/main/java/rx/util/functions/Func1.java,rx.util.functions.Func1,interface,3,79,76,3,1,1,0,0,0,0.0,NaN,NaN,1,0,1,0,0,0,1,0,0,0,0,0,0,0,0,0,0,0,0,3,0,0,0,0,0,0,0,0,0,0,0,0,0,0,5,1,0
/Users/patriziadecristofaro/GIT/RxJava/rxjava-core/src/main/java/rx/plugins/RxJavaErrorHandlerDefault.java,rx.plugins.RxJavaErrorHandlerDefault,class,2,5,3,2,1,2,0,0,0,0.0,NaN,NaN,1,1,1,0,0,0,1,0,0,0,1,1,0,1,0,0,0,0,0,6,1,0,0,0,0,0,0,1,0,1,0,0,0,0,18,1,0
/Users/patriziadecristofaro/GIT/RxJava/rxjava-core/src/main/java/rx/util/functions/Func2.java,rx.util.functions.Func2,interface,4,25,21,4,1,1,0,0,0,0.0,NaN,NaN,1,0,1,0,0,0,1,0,0,0,0,0,0,0,0,0,0,0,0,3,0,0,0,0,0,0,0,0,0,0,0,0,0,0,6,1,0
/Users/patriziadecristofaro/GIT/RxJava/rxjava-core/src/main/java/rx/util/functions/Func0.java,rx.util.functions.Func0,interface,2,4,2,2,1,1,0,0,0,0.0,NaN,NaN,1,0,1,0,0,0,1,0,0,0,0,0,0,0,0,0,0,0,0,3,0,0,0,0,0,0,0,0,0,0,0,0,0,0,3,1,0
/Users/patriziadecristofaro/GIT/RxJava/rxjava-core/src/main/java/rx/operators/OperationConcat.java,rx.operators.OperationConcat$Concat$ConcatObserver,innerclass,3,3,0,3,5,1,0,4,0,0.0,1.0,1.0,4,0,3,0,0,1,4,0,0,0,1,0,0,1,0,0,1,0,0,19,0,0,1,0,0,0,0,2,0,1,2,0,0,0,14,2,0
/Users/patriziadecristofaro/GIT/RxJava/rxjava-core/src/main/java/rx/operators/OperationConcat.java,rx.operators.OperationConcat$UnitTest$TestObservable,innerclass,3,3,0,3,2,2,0,1,1,0.64285713,0.0,0.0,2,0,2,0,0,0,2,0,0,0,7,0,0,7,0,0,4,0,0,41,1,0,0,0,0,0,1,8,0,7,0,2,0,0,21,10,0
/Users/patriziadecristofaro/GIT/RxJava/rxjava-core/src/main/java/rx/operators/OperationCombineLatest.java,rx.operators.OperationCombineLatest$Aggregator,innerclass,8,8,0,8,22,1,0,21,0,0.5714286,0.6666667,1.0,7,0,2,1,0,4,6,0,0,3,6,0,0,6,0,0,1,0,0,85,4,4,7,0,0,2,1,13,0,10,3,1,0,0,114,10,0
/Users/patriziadecristofaro/GIT/RxJava/rxjava-core/src/main/java/rx/util/functions/Func9.java,rx.util.functions.Func9,interface,11,13,2,11,1,1,0,0,0,0.0,NaN,NaN,1,0,1,0,0,0,1,0,0,0,0,0,0,0,0,0,0,0,0,3,0,0,0,0,0,0,0,0,0,0,0,0,0,0,13,1,0
/Users/patriziadecristofaro/GIT/RxJava/rxjava-core/src/test/java/rx/performance/PerformanceTest.java,rx.performance.PerformanceTest$MathFunction,innerclass,1,1,0,1,1,1,0,0,0,0.0,NaN,NaN,1,0,1,0,0,0,1,0,0,0,0,0,0,0,0,0,0,0,0,5,1,0,0,0,0,0,1,0,1,0,0,0,0,0,5,10,0
/Users/patriziadecristofaro/GIT/RxJava/rxjava-core/src/main/java/rx/operators/OperationToObservableIterable.java,rx.operators.OperationToObservableIterable,class,5,7,2,5,1,1,0,0,0,0.0,NaN,NaN,1,1,1,0,0,0,1,0,0,0,0,0,0,0,0,0,0,0,0,30,1,0,0,0,0,0,0,0,0,0,0,0,2,0,16,17,0
/Users/patriziadecristofaro/GIT/RxJava/rxjava-core/src/main/java/rx/util/functions/Func7.java,rx.util.functions.Func7,interface,9,11,2,9,1,1,0,0,0,0.0,NaN,NaN,1,0,1,0,0,0,1,0,0,0,0,0,0,0,0,0,0,0,0,3,0,0,0,0,0,0,0,0,0,0,0,0,0,0,11,1,0
/Users/patriziadecristofaro/GIT/RxJava/rxjava-core/src/main/java/rx/util/functions/Func8.java,rx.util.functions.Func8,interface,10,12,2,10,1,1,0,0,0,0.0,NaN,NaN,1,0,1,0,0,0,1,0,0,0,0,0,0,0,0,0,0,0,0,3,0,0,0,0,0,0,0,0,0,0,0,0,0,0,12,1,0
/Users/patriziadecristofaro/GIT/RxJava/rxjava-core/src/main/java/rx/util/functions/Func5.java,rx.util.functions.Func5,interface,7,9,2,7,1,1,0,0,0,0.0,NaN,NaN,1,0,1,0,0,0,1,0,0,0,0,0,0,0,0,0,0,0,0,3,0,0,0,0,0,0,0,0,0,0,0,0,0,0,9,1,0
/Users/patriziadecristofaro/GIT/RxJava/rxjava-core/src/main/java/rx/util/functions/Func6.java,rx.util.functions.Func6,interface,8,10,2,8,1,1,0,0,0,0.0,NaN,NaN,1,0,1,0,0,0,1,0,0,0,0,0,0,0,0,0,0,0,0,3,0,0,0,0,0,0,0,0,0,0,0,0,0,0,10,1,0
/Users/patriziadecristofaro/GIT/RxJava/rxjava-core/src/main/java/rx/operators/OperationMergeDelayError.java,rx.operators.OperationMergeDelayError$UnitTest$TestAsyncErrorObservable,innerclass,4,4,0,4,2,2,0,1,0,0.25,0.0,0.0,2,0,1,0,0,1,2,0,0,0,2,0,0,0,0,2,0,0,0,37,1,0,0,0,0,0,0,2,0,2,0,2,0,0,13,10,0
/Users/patriziadecristofaro/GIT/RxJava/rxjava-core/src/main/java/rx/util/functions/Func3.java,rx.util.functions.Func3,interface,5,12,7,5,1,1,0,0,0,0.0,NaN,NaN,1,0,1,0,0,0,1,0,0,0,0,0,0,0,0,0,0,0,0,3,0,0,0,0,0,0,0,0,0,0,0,0,0,0,7,1,0
/Users/patriziadecristofaro/GIT/RxJava/rxjava-core/src/main/java/rx/util/functions/Func4.java,rx.util.functions.Func4,interface,6,11,5,6,1,1,0,0,0,0.0,NaN,NaN,1,0,1,0,0,0,1,0,0,0,0,0,0,0,0,0,0,0,0,3,0,0,0,0,0,0,0,0,0,0,0,0,0,0,8,1,0
/Users/patriziadecristofaro/GIT/RxJava/rxjava-core/src/main/java/rx/operators/OperationMerge.java,rx.operators.OperationMerge$MergeObservable$ParentObserver,innerclass,5,5,0,5,9,1,0,8,0,0.0,1.0,1.0,4,0,4,0,0,0,4,0,0,0,1,0,0,1,0,0,1,0,0,31,1,0,2,0,0,1,1,4,0,3,3,0,0,0,32,2,0
/Users/patriziadecristofaro/GIT/RxJava/rxjava-core/src/main/java/rx/operators/OperationMergeDelayError.java,rx.operators.OperationMergeDelayError$UnitTest$TestASynchronousObservable,innerclass,4,4,0,4,1,2,0,1,0,0.0,NaN,NaN,1,0,1,0,0,0,1,0,0,0,1,0,0,0,0,1,0,0,0,18,1,0,0,0,0,0,0,1,0,1,0,2,0,0,10,10,0
/Users/patriziadecristofaro/GIT/RxJava/rxjava-core/src/main/java/rx/util/functions/Function.java,rx.util.functions.Function,interface,0,16,16,0,0,1,0,0,0,0.0,-1.0,-1.0,0,0,0,0,0,0,0,0,0,0,0,0,0,0,0,0,0,0,0,2,0,0,0,0,0,0,0,0,0,0,0,0,0,0,12,1,0
/Users/patriziadecristofaro/GIT/RxJava/rxjava-core/src/main/java/rx/operators/OperationMaterialize.java,rx.operators.OperationMaterialize$TestAsyncErrorObservable,innerclass,4,4,0,4,2,2,0,1,0,0.25,0.0,0.0,2,0,1,0,0,1,2,0,0,0,2,0,0,0,0,2,0,0,0,37,1,0,0,0,0,0,0,2,0,2,0,2,0,0,13,10,0
/Users/patriziadecristofaro/GIT/RxJava/rxjava-core/src/main/java/rx/operators/OperationMaterialize.java,rx.operators.OperationMaterialize$TestAsyncErrorObservable$Anonymous2,anonymous,1,1,0,1,4,1,0,5,0,0.0,NaN,NaN,1,0,1,0,0,0,1,0,0,0,0,0,0,0,0,0,0,0,1,21,1,1,1,1,0,2,1,0,0,0,3,0,0,0,10,-1,0
/Users/patriziadecristofaro/GIT/RxJava/rxjava-core/src/main/java/rx/operators/OperationMerge.java,rx.operators.OperationMerge$UnitTest,innerclass,12,12,0,12,9,5,0,20,0,0.125,0.75,0.75,8,0,8,0,0,0,8,0,0,0,1,0,0,0,0,1,0,0,15,194,0,0,0,1,0,45,27,26,0,27,1,1,4,0,56,9,0
/Users/patriziadecristofaro/GIT/RxJava/rxjava-core/src/main/java/rx/operators/OperationCombineLatest.java,rx.operators.OperationCombineLatest$CombineObserver,innerclass,6,6,0,6,6,1,0,4,0,0.53333336,0.7,1.0,5,0,5,0,0,0,5,0,0,1,3,0,0,1,0,2,2,0,0,24,0,0,1,0,0,1,0,3,0,3,1,0,0,0,22,10,1
/Users/patriziadecristofaro/GIT/RxJava/rxjava-core/src/main/java/rx/operators/OperationMergeDelayError.java,rx.operators.OperationMergeDelayError$UnitTest$TestAsyncErrorObservable$Anonymous14,anonymous,0,0,0,0,1,1,0,0,0,0.0,NaN,NaN,1,0,1,0,0,0,1,0,0,0,0,0,0,0,0,0,0,0,0,4,0,0,0,0,0,0,0,0,0,0,0,0,0,0,1,-1,0
/Users/patriziadecristofaro/GIT/RxJava/rxjava-core/src/main/java/rx/operators/OperationMaterialize.java,rx.operators.OperationMaterialize$TestAsyncErrorObservable$Anonymous3,anonymous,0,0,0,0,1,1,0,0,0,0.0,NaN,NaN,1,0,1,0,0,0,1,0,0,0,0,0,0,0,0,0,0,0,0,4,0,0,0,0,0,0,0,0,0,0,0,0,0,0,1,-1,0
/Users/patriziadecristofaro/GIT/RxJava/rxjava-core/src/main/java/rx/operators/OperationMergeDelayError.java,rx.operators.OperationMergeDelayError$UnitTest$TestAsyncErrorObservable$Anonymous13,anonymous,1,1,0,1,4,1,0,5,0,0.0,NaN,NaN,1,0,1,0,0,0,1,0,0,0,0,0,0,0,0,0,0,0,1,21,1,1,1,1,0,2,1,0,0,0,3,0,0,0,10,-1,0
/Users/patriziadecristofaro/GIT/RxJava/rxjava-core/src/main/java/rx/operators/OperationOnErrorResumeNextViaObservable.java,rx.operators.OperationOnErrorResumeNextViaObservable$UnitTest,innerclass,6,6,0,6,2,2,0,15,0,0.0,NaN,NaN,1,0,1,0,0,0,1,0,0,0,0,0,0,0,0,0,0,0,3,55,0,0,0,1,0,9,4,5,0,5,1,0,1,0,23,9,0
/Users/patriziadecristofaro/GIT/RxJava/rxjava-core/src/main/java/rx/util/functions/FuncN.java,rx.util.functions.FuncN,interface,2,37,35,2,1,1,0,0,0,0.0,NaN,NaN,1,0,1,0,0,0,1,0,0,0,0,0,0,0,0,0,0,0,0,3,0,0,0,0,0,0,0,0,0,0,0,0,0,0,4,1,0
/Users/patriziadecristofaro/GIT/RxJava/rxjava-core/src/main/java/rx/operators/OperationZip.java,rx.operators.OperationZip$Aggregator$Anonymous1,anonymous,1,1,0,1,1,1,0,1,0,0.0,NaN,NaN,1,0,1,0,0,0,1,0,0,0,0,0,0,0,0,0,0,0,0,5,0,0,0,0,0,0,0,0,0,0,0,0,0,0,2,-1,0
/Users/patriziadecristofaro/GIT/RxJava/rxjava-core/src/main/java/rx/operators/OperationTake.java,rx.operators.OperationTake$UnitTest$Anonymous4,anonymous,0,0,0,0,2,1,0,0,0,0.0,NaN,NaN,1,0,1,0,0,0,1,0,0,0,0,0,0,0,0,0,0,0,0,5,1,0,0,0,0,0,1,0,0,0,0,0,0,0,4,-1,0
/Users/patriziadecristofaro/GIT/RxJava/rxjava-core/src/main/java/rx/operators/OperationMergeDelayError.java,rx.operators.OperationMergeDelayError$UnitTest$TestObservable$Anonymous11,anonymous,0,0,0,0,1,1,0,0,0,0.0,NaN,NaN,1,0,1,0,0,0,1,0,0,0,0,0,0,0,0,0,0,0,0,5,0,0,0,0,0,0,0,1,0,0,0,0,0,0,3,-1,0
/Users/patriziadecristofaro/GIT/RxJava/rxjava-core/src/main/java/rx/operators/OperationTake.java,rx.operators.OperationTake$UnitTest$Anonymous5,anonymous,0,0,0,0,2,1,0,0,0,0.0,NaN,NaN,1,0,1,0,0,0,1,0,0,0,0,0,0,0,0,0,0,0,0,5,1,0,0,0,0,0,1,0,0,0,0,0,0,0,4,-1,0
/Users/patriziadecristofaro/GIT/RxJava/rxjava-core/src/main/java/rx/subjects/Subject.java,rx.subjects.Subject$UnitTest$Anonymous4,anonymous,3,3,0,3,1,1,0,1,0,0.0,NaN,NaN,1,0,1,0,0,0,1,0,0,0,0,0,0,0,0,0,0,0,0,21,1,0,0,0,0,0,0,1,0,1,0,2,0,0,8,-1,0
/Users/patriziadecristofaro/GIT/RxJava/rxjava-core/src/main/java/rx/subjects/Subject.java,rx.subjects.Subject$UnitTest$Anonymous3,anonymous,1,1,0,1,1,1,0,1,0,0.0,NaN,NaN,1,0,1,0,0,0,1,0,0,0,0,0,0,0,0,0,0,0,0,5,0,0,0,0,0,0,0,0,0,0,0,0,0,0,2,-1,0
/Users/patriziadecristofaro/GIT/RxJava/rxjava-core/src/main/java/rx/operators/OperationToObservableList.java,rx.operators.OperationToObservableList$ToObservableList,innerclass,5,5,0,5,2,1,0,1,0,0.5,1.0,1.0,2,0,2,0,0,0,2,0,0,0,2,0,0,1,0,1,2,0,0,31,1,0,0,0,0,0,0,2,0,2,0,1,0,0,8,10,0
/Users/patriziadecristofaro/GIT/RxJava/language-adaptors/rxjava-groovy/src/main/java/rx/lang/groovy/GroovyAdaptor.java,rx.lang.groovy.GroovyAdaptor,class,2,2,0,2,2,1,0,1,1,0.0,0.0,0.0,2,0,2,0,0,0,2,0,0,0,0,0,0,0,0,0,0,0,0,8,2,0,0,0,1,0,0,0,0,0,0,0,0,0,10,1,0
/Users/patriziadecristofaro/GIT/RxJava/rxjava-core/src/main/java/rx/operators/OperationMergeDelayError.java,rx.operators.OperationMergeDelayError$Anonymous2$Anonymous3,anonymous,0,0,0,0,1,1,0,0,0,0.0,NaN,NaN,1,0,1,0,0,0,1,0,0,0,0,0,0,0,0,0,0,0,0,5,0,0,0,0,0,0,0,1,0,0,0,0,0,0,3,-1,0
/Users/patriziadecristofaro/GIT/RxJava/rxjava-core/src/main/java/rx/operators/OperationSkip.java,rx.operators.OperationSkip$Skip,innerclass,6,6,0,6,2,1,0,1,0,0.25,1.0,1.0,2,0,1,0,0,1,2,0,0,0,2,0,0,2,0,0,2,0,0,29,1,0,0,0,0,0,0,2,0,2,0,0,1,0,35,10,0
/Users/patriziadecristofaro/GIT/RxJava/rxjava-core/src/main/java/rx/Observable.java,rx.Observable$UnitTest$Anonymous51,anonymous,0,0,0,0,2,1,0,1,0,0.0,NaN,NaN,1,0,1,0,0,0,1,0,0,0,0,0,0,0,0,0,0,0,0,5,1,0,1,0,0,0,1,0,0,0,0,0,0,0,3,-1,0
/Users/patriziadecristofaro/GIT/RxJava/rxjava-core/src/main/java/rx/operators/OperationSynchronize.java,rx.operators.OperationSynchronize$UnitTest$TestObservable,innerclass,4,4,0,4,5,2,0,3,0,0.2,0.6,0.6,5,0,5,0,0,0,5,0,0,0,1,0,0,0,0,1,0,0,0,22,1,0,0,0,0,0,0,2,0,1,0,1,0,0,35,10,0
/Users/patriziadecristofaro/GIT/RxJava/rxjava-core/src/main/java/rx/Observable.java,rx.Observable$UnitTest$Anonymous50,anonymous,0,0,0,0,2,1,0,1,0,0.0,NaN,NaN,1,0,1,0,0,0,1,0,0,0,0,0,0,0,0,0,0,0,0,5,1,0,1,0,0,0,1,0,0,0,0,0,0,0,3,-1,0
/Users/patriziadecristofaro/GIT/RxJava/rxjava-core/src/main/java/rx/operators/OperationMerge.java,rx.operators.OperationMerge$MergeObservable$ChildObserver,innerclass,3,3,0,3,11,1,0,7,0,0.0,1.0,1.0,4,0,4,0,0,0,4,0,0,0,1,0,0,1,0,0,1,0,0,28,0,0,1,0,0,0,1,1,0,1,3,0,0,0,23,2,0
/Users/patriziadecristofaro/GIT/RxJava/rxjava-core/src/main/java/rx/operators/OperationZip.java,rx.operators.OperationZip$UnitTest$Anonymous2,anonymous,0,0,0,0,1,1,0,0,0,0.0,NaN,NaN,1,0,1,0,0,0,1,0,0,0,0,0,0,0,0,0,0,0,0,5,1,0,0,0,0,0,0,0,1,0,0,0,0,0,4,-1,0
/Users/patriziadecristofaro/GIT/RxJava/rxjava-core/src/main/java/rx/operators/OperationZip.java,rx.operators.OperationZip$UnitTest$Anonymous3,anonymous,0,0,0,0,4,1,0,0,0,0.0,NaN,NaN,1,0,1,0,0,0,1,0,0,0,0,0,0,0,0,0,0,0,0,14,1,0,3,0,0,3,0,3,1,0,1,0,0,0,5,-1,0
/Users/patriziadecristofaro/GIT/RxJava/rxjava-core/src/main/java/rx/operators/OperationZip.java,rx.operators.OperationZip$UnitTest$Anonymous4,anonymous,1,1,0,1,3,1,0,2,0,0.0,NaN,NaN,1,0,1,0,0,0,1,0,0,0,0,0,0,0,0,0,0,0,1,12,1,1,1,0,0,2,0,2,1,1,2,0,0,0,9,-1,0
/Users/patriziadecristofaro/GIT/RxJava/rxjava-core/src/main/java/rx/util/CompositeException.java,rx.util.CompositeException,class,0,5,5,0,7,4,0,8,2,0.6666667,0.33333334,0.5,4,0,4,0,0,0,4,0,0,0,3,1,0,3,0,0,3,0,1,30,2,1,1,0,0,3,2,5,0,5,2,0,0,0,36,1,0
/Users/patriziadecristofaro/GIT/RxJava/rxjava-core/src/main/java/rx/operators/OperationTakeLast.java,rx.operators.OperationTakeLast$Anonymous1,anonymous,4,4,0,4,1,1,0,1,0,0.0,NaN,NaN,1,0,1,0,0,0,1,0,0,0,0,0,0,0,0,0,0,0,0,5,1,0,0,0,0,0,0,0,0,0,0,0,0,0,3,-1,0
/Users/patriziadecristofaro/GIT/RxJava/rxjava-core/src/main/java/rx/operators/OperationZip.java,rx.operators.OperationZip$UnitTest$Anonymous5,anonymous,1,1,0,1,1,1,0,1,0,0.0,NaN,NaN,1,0,1,0,0,0,1,0,0,0,0,0,0,0,0,0,0,0,2,5,1,0,0,0,0,0,0,0,1,0,0,0,0,0,7,-1,0
/Users/patriziadecristofaro/GIT/RxJava/rxjava-core/src/main/java/rx/operators/OperationZip.java,rx.operators.OperationZip$UnitTest$Anonymous6,anonymous,2,2,0,2,1,1,0,1,0,0.0,NaN,NaN,1,0,1,0,0,0,1,0,0,0,0,0,0,0,0,0,0,0,3,5,1,0,0,0,0,0,0,0,1,0,0,0,0,0,8,-1,0
/Users/patriziadecristofaro/GIT/RxJava/rxjava-core/src/main/java/rx/Observer.java,rx.Observer,interface,1,164,163,1,3,1,0,0,3,0.0,0.0,0.0,3,0,3,0,0,0,3,0,0,0,0,0,0,0,0,0,0,0,0,5,0,0,0,0,0,0,0,0,0,0,0,0,0,0,64,1,0
/Users/patriziadecristofaro/GIT/RxJava/rxjava-core/src/main/java/rx/operators/OperationTake.java,rx.operators.OperationTake$TakeWhile,innerclass,8,8,0,8,2,1,0,2,0,0.5,NaN,NaN,2,0,1,1,0,0,1,0,0,0,4,0,0,4,0,0,4,0,0,33,1,0,0,0,0,0,0,4,0,4,0,0,1,0,65,10,0
/Users/patriziadecristofaro/GIT/RxJava/rxjava-core/src/main/java/rx/operators/OperationOnErrorResumeNextViaObservable.java,rx.operators.OperationOnErrorResumeNextViaObservable$OnErrorResumeNextViaObservable,innerclass,7,7,0,7,2,1,0,2,0,0.25,1.0,1.0,2,0,2,0,0,0,2,0,0,0,2,0,0,2,0,0,2,0,0,39,1,0,0,0,0,0,0,4,0,4,0,2,0,0,15,10,0
/Users/patriziadecristofaro/GIT/RxJava/rxjava-core/src/main/java/rx/operators/OperationConcat.java,rx.operators.OperationConcat,class,8,11,3,8,3,1,0,7,3,0.0,0.0,0.0,3,3,3,0,0,0,3,0,0,0,0,0,0,0,0,0,0,0,3,192,3,0,0,0,0,1,0,2,0,2,0,2,2,0,25,17,0
/Users/patriziadecristofaro/GIT/RxJava/rxjava-core/src/main/java/rx/operators/OperationSkip.java,rx.operators.OperationSkip,class,6,8,2,6,1,1,0,0,0,0.0,NaN,NaN,1,1,1,0,0,0,1,0,0,0,0,0,0,0,0,0,0,0,0,63,1,0,0,0,0,0,0,0,0,0,0,1,2,0,27,17,0
/Users/patriziadecristofaro/GIT/RxJava/rxjava-core/src/main/java/rx/Observable.java,rx.Observable$NeverObservable$Anonymous10,anonymous,4,4,0,4,1,1,0,0,0,0.0,NaN,NaN,1,0,1,0,0,0,1,0,0,0,0,0,0,0,0,0,0,0,0,5,1,0,0,0,0,0,0,0,0,0,0,0,0,0,6,-1,0
/Users/patriziadecristofaro/GIT/RxJava/rxjava-core/src/main/java/rx/util/Range.java,rx.util.Range$Anonymous1,anonymous,1,1,0,1,5,1,0,1,1,0.33333334,0.33333334,0.33333334,3,0,3,0,0,0,3,0,0,0,1,0,0,1,0,0,0,0,0,17,2,0,0,0,0,2,0,3,0,2,1,0,0,0,18,-1,0
/Users/patriziadecristofaro/GIT/RxJava/rxjava-core/src/main/java/rx/Subscription.java,rx.Subscription,interface,0,116,116,0,1,1,0,0,0,0.0,NaN,NaN,1,0,1,0,0,0,1,0,0,0,0,0,0,0,0,0,0,0,0,3,0,0,0,0,0,0,0,0,0,0,0,0,0,0,25,1,0
/Users/patriziadecristofaro/GIT/RxJava/rxjava-core/src/main/java/rx/operators/OperationMaterialize.java,rx.operators.OperationMaterialize$TestObserver,innerclass,2,2,0,2,3,1,0,1,3,0.6666667,0.0,0.0,3,0,3,0,0,0,3,0,0,0,3,0,0,0,0,3,0,0,0,14,0,0,0,0,0,0,0,5,0,3,0,0,0,0,12,10,0
/Users/patriziadecristofaro/GIT/RxJava/rxjava-core/src/main/java/rx/Observable.java,rx.Observable$UnitTest$Anonymous42,anonymous,0,0,0,0,1,1,0,0,0,0.0,NaN,NaN,1,0,1,0,0,0,1,0,0,0,0,0,0,0,0,0,0,0,0,5,1,0,0,0,0,0,0,0,1,0,0,0,0,0,4,-1,0
/Users/patriziadecristofaro/GIT/RxJava/rxjava-core/src/main/java/rx/Observable.java,rx.Observable$UnitTest$Anonymous43,anonymous,0,0,0,0,1,1,0,0,0,0.0,NaN,NaN,1,0,1,0,0,0,1,0,0,0,0,0,0,0,0,0,0,0,0,5,1,0,0,0,0,0,0,0,1,0,0,0,0,0,4,-1,0
/Users/patriziadecristofaro/GIT/RxJava/rxjava-core/src/main/java/rx/Observable.java,rx.Observable$UnitTest$Anonymous41,anonymous,3,3,0,3,1,1,0,3,0,0.0,NaN,NaN,1,0,1,0,0,0,1,0,0,0,0,0,0,0,0,0,0,0,1,9,1,0,0,0,0,3,0,0,0,0,0,0,0,0,3,-1,0
/Users/patriziadecristofaro/GIT/RxJava/rxjava-core/src/main/java/rx/util/SynchronizedObserver.java,rx.util.SynchronizedObserver,class,4,8,4,4,18,1,0,4,0,0.125,1.0,1.0,4,0,4,0,0,0,4,0,0,0,4,0,0,4,0,0,2,0,0,426,6,0,0,0,0,0,0,8,0,4,2,0,1,0,125,17,0
/Users/patriziadecristofaro/GIT/RxJava/rxjava-core/src/main/java/rx/operators/OperationZip.java,rx.operators.OperationZip$Aggregator,innerclass,11,11,0,11,20,1,0,20,0,0.61224496,0.7,1.0,7,0,2,2,0,3,5,0,0,0,7,0,0,7,0,0,4,0,0,79,3,4,4,0,0,3,1,11,0,10,3,1,0,0,97,10,0
/Users/patriziadecristofaro/GIT/RxJava/rxjava-core/src/main/java/rx/operators/OperationFilter.java,rx.operators.OperationFilter$Filter$Anonymous1,anonymous,4,4,0,4,5,1,0,5,3,0.0,0.0,0.0,3,0,3,0,0,0,3,0,0,0,0,0,0,0,0,0,0,0,0,19,0,0,0,1,0,0,0,0,0,0,2,0,0,0,8,-1,0
/Users/patriziadecristofaro/GIT/RxJava/rxjava-core/src/main/java/rx/operators/OperationConcat.java,rx.operators.OperationConcat$Anonymous2,anonymous,2,2,0,2,1,1,0,1,0,0.0,NaN,NaN,1,0,1,0,0,0,1,0,0,0,0,0,0,0,0,0,0,0,0,5,0,0,0,0,0,0,0,0,0,0,0,0,0,0,2,-1,0
/Users/patriziadecristofaro/GIT/RxJava/rxjava-core/src/main/java/rx/Observable.java,rx.Observable$UnitTest$Anonymous48,anonymous,0,0,0,0,2,1,0,1,0,0.0,NaN,NaN,1,0,1,0,0,0,1,0,0,0,0,0,0,0,0,0,0,0,0,5,1,0,1,0,0,0,1,0,0,0,0,0,0,0,3,-1,0
/Users/patriziadecristofaro/GIT/RxJava/rxjava-core/src/main/java/rx/operators/OperationConcat.java,rx.operators.OperationConcat$Anonymous1,anonymous,4,4,0,4,1,1,0,1,0,0.0,NaN,NaN,1,0,1,0,0,0,1,0,0,0,0,0,0,0,0,0,0,0,0,5,1,0,0,0,0,0,0,0,0,0,0,0,0,0,4,-1,0
/Users/patriziadecristofaro/GIT/RxJava/rxjava-core/src/main/java/rx/Observable.java,rx.Observable$UnitTest$Anonymous49,anonymous,0,0,0,0,2,1,0,0,0,0.0,NaN,NaN,1,0,1,0,0,0,1,0,0,0,0,0,0,0,0,0,0,0,0,5,1,0,0,0,0,0,1,0,0,0,0,0,0,0,4,-1,0
/Users/patriziadecristofaro/GIT/RxJava/rxjava-core/src/main/java/rx/operators/OperationTake.java,rx.operators.OperationTake$UnitTest,innerclass,8,8,0,8,6,2,0,23,10,0.0,0.0,0.0,5,0,5,0,0,0,5,0,0,0,0,0,0,0,0,0,0,0,14,107,0,0,0,1,0,30,22,16,0,16,1,2,1,0,27,9,0
/Users/patriziadecristofaro/GIT/RxJava/rxjava-core/src/main/java/rx/Observable.java,rx.Observable$UnitTest$Anonymous46,anonymous,0,0,0,0,2,1,0,0,0,0.0,NaN,NaN,1,0,1,0,0,0,1,0,0,0,0,0,0,0,0,0,0,0,0,5,1,0,0,0,0,0,1,0,0,0,0,0,0,0,4,-1,0
/Users/patriziadecristofaro/GIT/RxJava/rxjava-core/src/main/java/rx/Observable.java,rx.Observable$UnitTest$Anonymous47,anonymous,0,0,0,0,2,1,0,0,0,0.0,NaN,NaN,1,0,1,0,0,0,1,0,0,0,0,0,0,0,0,0,0,0,0,5,1,0,0,0,0,0,1,0,0,0,0,0,0,0,4,-1,0
/Users/patriziadecristofaro/GIT/RxJava/rxjava-core/src/main/java/rx/Observable.java,rx.Observable$NoOpObservableSubscription,innerclass,1,1,0,1,1,1,0,0,0,0.0,NaN,NaN,1,0,1,0,0,0,1,0,0,0,0,0,0,0,0,0,0,0,0,4,0,0,0,0,0,0,0,0,0,0,0,0,0,0,13,10,0
/Users/patriziadecristofaro/GIT/RxJava/rxjava-core/src/main/java/rx/Observable.java,rx.Observable$UnitTest$Anonymous44,anonymous,4,4,0,4,1,1,0,3,0,0.0,NaN,NaN,1,0,1,0,0,0,1,0,0,0,0,0,0,0,0,0,0,0,1,7,1,0,0,0,0,1,0,0,0,0,0,0,0,0,5,-1,0
/Users/patriziadecristofaro/GIT/RxJava/rxjava-core/src/main/java/rx/Observable.java,rx.Observable$UnitTest$Anonymous45,anonymous,0,0,0,0,2,1,0,0,0,0.0,NaN,NaN,1,0,1,0,0,0,1,0,0,0,0,0,0,0,0,0,0,0,0,5,1,0,0,0,0,0,1,0,0,0,0,0,0,0,4,-1,0
/Users/patriziadecristofaro/GIT/RxJava/rxjava-core/src/main/java/rx/operators/OperationOnErrorResumeNextViaObservable.java,rx.operators.OperationOnErrorResumeNextViaObservable,class,6,8,2,6,1,1,0,0,0,0.0,NaN,NaN,1,1,1,0,0,0,1,0,0,0,0,0,0,0,0,0,0,0,0,99,1,0,0,0,0,0,0,0,0,0,0,0,2,0,8,17,0
/Users/patriziadecristofaro/GIT/RxJava/rxjava-core/src/main/java/rx/operators/OperationMerge.java,rx.operators.OperationMerge$Anonymous1,anonymous,4,4,0,4,1,1,0,1,0,0.0,NaN,NaN,1,0,1,0,0,0,1,0,0,0,0,0,0,0,0,0,0,0,0,5,1,0,0,0,0,0,0,0,0,0,0,0,0,0,4,-1,0
/Users/patriziadecristofaro/GIT/RxJava/rxjava-core/src/main/java/rx/operators/OperationMerge.java,rx.operators.OperationMerge$Anonymous2,anonymous,5,5,0,5,4,1,0,2,0,0.0,NaN,NaN,1,0,1,0,0,0,1,0,0,0,1,0,0,1,0,0,0,0,0,22,1,1,0,0,0,0,0,1,0,1,2,1,0,0,7,-1,0
/Users/patriziadecristofaro/GIT/RxJava/rxjava-core/src/main/java/rx/operators/OperationSynchronize.java,rx.operators.OperationSynchronize,class,6,8,2,6,1,1,0,0,0,0.0,NaN,NaN,1,1,1,0,0,0,1,0,0,0,0,0,0,0,0,0,0,0,0,123,1,0,0,0,0,0,0,0,0,0,0,0,2,0,49,17,0
/Users/patriziadecristofaro/GIT/RxJava/rxjava-core/src/main/java/rx/operators/OperationToObservableList.java,rx.operators.OperationToObservableList,class,6,8,2,6,1,1,0,0,0,0.0,NaN,NaN,1,1,1,0,0,0,1,0,0,0,0,0,0,0,0,0,0,0,0,47,1,0,0,0,0,0,0,0,0,0,0,0,2,0,4,17,0
/Users/patriziadecristofaro/GIT/RxJava/rxjava-core/src/main/java/rx/operators/OperationZip.java,rx.operators.OperationZip,class,15,17,2,15,3,1,0,4,3,0.0,0.0,0.0,3,3,3,0,0,0,3,0,0,0,0,0,0,0,0,0,0,0,3,465,3,0,0,0,0,0,0,3,0,3,0,0,3,0,5,17,0
/Users/patriziadecristofaro/GIT/RxJava/rxjava-core/src/main/java/rx/operators/OperationFilter.java,rx.operators.OperationFilter$UnitTest$Anonymous2,anonymous,0,0,0,0,1,1,0,1,0,0.0,NaN,NaN,1,0,1,0,0,0,1,0,0,0,0,0,0,0,0,0,0,0,0,5,1,0,0,0,0,1,0,0,0,0,0,0,0,0,3,-1,0
/Users/patriziadecristofaro/GIT/RxJava/rxjava-core/src/main/java/rx/util/SynchronizedObserver.java,rx.util.SynchronizedObserver$UnitTest$OnNextThread,innerclass,1,1,0,1,3,1,0,1,0,0.0,1.0,1.0,2,0,1,0,0,1,2,0,0,0,2,0,0,2,0,0,2,0,0,13,0,1,0,0,0,1,1,3,0,3,1,0,0,0,19,9,0
/Users/patriziadecristofaro/GIT/RxJava/rxjava-core/src/main/java/rx/operators/OperationMerge.java,rx.operators.OperationMerge$MergeObservable,innerclass,6,6,0,6,2,1,0,1,0,0.75,NaN,NaN,2,0,1,1,0,0,1,0,0,0,6,0,0,6,0,0,4,0,0,91,1,0,0,0,0,0,0,6,0,6,0,0,3,0,69,26,0
/Users/patriziadecristofaro/GIT/RxJava/rxjava-core/src/main/java/rx/operators/OperationMap.java,rx.operators.OperationMap,class,9,14,5,9,2,1,0,3,1,0.0,0.0,0.0,2,2,2,0,0,0,2,0,0,0,0,0,0,0,0,0,0,0,3,128,2,0,0,0,0,0,0,0,0,0,0,0,3,0,40,17,0
/Users/patriziadecristofaro/GIT/RxJava/rxjava-core/src/main/java/rx/operators/OperationOnErrorReturn.java,rx.operators.OperationOnErrorReturn$UnitTest$TestObservable,innerclass,3,3,0,3,2,2,0,2,0,0.33333334,1.0,1.0,2,0,2,0,0,0,2,0,0,0,3,0,0,0,0,3,2,0,0,32,1,0,0,0,0,3,0,4,0,3,0,1,0,0,14,10,0
/Users/patriziadecristofaro/GIT/RxJava/rxjava-core/src/main/java/rx/operators/OperationMergeDelayError.java,rx.operators.OperationMergeDelayError,class,7,10,3,7,3,1,0,2,3,0.0,0.0,0.0,3,3,3,0,0,0,3,0,0,0,0,0,0,0,0,0,0,0,4,513,3,0,0,0,0,0,0,0,0,0,0,3,2,0,83,17,0
/Users/patriziadecristofaro/GIT/RxJava/rxjava-core/src/main/java/rx/operators/OperationMerge.java,rx.operators.OperationMerge$UnitTest$Anonymous4,anonymous,4,4,0,4,1,1,0,2,0,0.0,NaN,NaN,1,0,1,0,0,0,1,0,0,0,0,0,0,0,0,0,0,0,0,12,1,0,0,0,0,0,0,0,0,0,0,1,0,0,5,-1,0
/Users/patriziadecristofaro/GIT/RxJava/rxjava-core/src/main/java/rx/operators/OperationToObservableSortedList.java,rx.operators.OperationToObservableSortedList$ToObservableSortedList,innerclass,7,7,0,7,3,1,0,1,0,0.5833334,NaN,NaN,3,0,1,2,0,0,1,0,0,0,4,1,0,4,0,0,3,0,0,50,1,0,0,0,0,2,0,4,0,4,0,1,1,0,16,10,0
/Users/patriziadecristofaro/GIT/RxJava/rxjava-core/src/main/java/rx/operators/OperationToObservableFuture.java,rx.operators.OperationToObservableFuture$UnitTest,innerclass,4,4,0,4,2,1,0,14,1,0.0,0.0,0.0,2,0,2,0,0,0,2,0,0,0,0,0,0,0,0,0,0,0,0,28,0,0,0,0,0,1,3,10,0,10,0,0,0,0,20,9,0
/Users/patriziadecristofaro/GIT/RxJava/rxjava-core/src/main/java/rx/operators/OperationOnErrorResumeNextViaFunction.java,rx.operators.OperationOnErrorResumeNextViaFunction,class,6,8,2,6,1,1,0,0,0,0.0,NaN,NaN,1,1,1,0,0,0,1,0,0,0,0,0,0,0,0,0,0,0,0,163,1,0,0,0,0,0,0,0,0,0,0,0,2,0,7,17,0
/Users/patriziadecristofaro/GIT/RxJava/rxjava-core/src/main/java/rx/operators/OperationSkip.java,rx.operators.OperationSkip$UnitTest,innerclass,4,4,0,4,2,1,0,12,1,0.0,0.0,0.0,2,0,2,0,0,0,2,0,0,0,0,0,0,0,0,0,0,0,6,24,0,0,0,0,0,14,7,6,0,6,0,0,0,0,12,9,0
/Users/patriziadecristofaro/GIT/RxJava/rxjava-core/src/main/java/rx/operators/OperationConcat.java,rx.operators.OperationConcat$UnitTest$TestObservable$Anonymous7,anonymous,0,0,0,0,1,1,0,0,0,0.0,NaN,NaN,1,0,1,0,0,0,1,0,0,0,0,0,0,0,0,0,0,0,0,5,0,0,0,0,0,0,0,1,0,0,0,0,0,0,3,-1,0
/Users/patriziadecristofaro/GIT/RxJava/rxjava-core/src/main/java/rx/operators/OperationMergeDelayError.java,rx.operators.OperationMergeDelayError$MergeDelayErrorObservable$MergeSubscription,innerclass,2,2,0,2,4,1,0,4,1,0.0,0.0,0.0,2,0,2,0,0,0,2,0,0,0,0,0,0,0,0,0,0,0,0,17,2,1,0,0,0,0,0,1,0,1,2,0,0,0,34,2,0
/Users/patriziadecristofaro/GIT/RxJava/rxjava-core/src/main/java/rx/operators/OperationOnErrorReturn.java,rx.operators.OperationOnErrorReturn$OnErrorReturn$Anonymous2,anonymous,1,1,0,1,2,1,0,2,0,0.0,NaN,NaN,1,0,1,0,0,0,1,0,0,0,0,0,0,0,0,0,0,0,0,8,0,0,1,0,0,0,0,1,0,1,1,0,0,0,4,-1,0
/Users/patriziadecristofaro/GIT/RxJava/rxjava-core/src/main/java/rx/operators/OperationConcat.java,rx.operators.OperationConcat$UnitTest$TestObservable$Anonymous8,anonymous,1,1,0,1,7,1,0,7,0,0.0,NaN,NaN,1,0,1,0,0,0,1,0,0,0,0,0,0,0,0,0,0,0,0,17,0,1,2,1,0,0,0,0,0,0,3,0,0,0,9,-1,0
/Users/patriziadecristofaro/GIT/RxJava/rxjava-core/src/main/java/rx/operators/OperationOnErrorReturn.java,rx.operators.OperationOnErrorReturn$OnErrorReturn$Anonymous1,anonymous,6,6,0,6,5,1,0,9,3,0.0,0.0,0.0,3,0,3,0,0,0,3,0,0,0,0,0,0,0,0,0,0,0,1,21,0,0,1,1,0,1,0,1,0,1,2,0,0,0,24,-1,0
/Users/patriziadecristofaro/GIT/RxJava/rxjava-core/src/main/java/rx/operators/OperationTake.java,rx.operators.OperationTake$UnitTest$TestObservable,innerclass,3,3,0,3,2,2,0,2,0,0.33333334,1.0,1.0,2,0,2,0,0,0,2,0,0,0,3,0,0,0,0,3,2,0,0,32,1,0,0,0,0,3,0,4,0,3,0,1,0,0,14,10,0
/Users/patriziadecristofaro/GIT/RxJava/rxjava-core/src/main/java/rx/operators/OperationMap.java,rx.operators.OperationMap$UnitTest,innerclass,8,8,0,8,5,1,0,18,4,0.4,0.5,0.5,5,0,4,1,0,0,4,0,0,0,1,0,0,0,0,1,0,0,11,87,1,0,0,0,0,24,15,15,2,16,0,3,0,0,30,9,0
/Users/patriziadecristofaro/GIT/RxJava/rxjava-core/src/main/java/rx/operators/OperationMerge.java,rx.operators.OperationMerge$UnitTest$Anonymous4$Anonymous5,anonymous,0,0,0,0,1,1,0,0,0,0.0,NaN,NaN,1,0,1,0,0,0,1,0,0,0,0,0,0,0,0,0,0,0,0,4,0,0,0,0,0,0,0,0,0,0,0,0,0,0,1,-1,0
/Users/patriziadecristofaro/GIT/RxJava/rxjava-core/src/main/java/rx/util/SynchronizedObserver.java,rx.util.SynchronizedObserver$UnitTest$TestConcurrencyObserver,innerclass,2,2,0,2,20,1,0,2,0,0.4166667,0.6,1.0,6,0,6,0,0,0,6,0,0,0,2,0,0,2,0,0,2,0,1,61,1,2,7,1,0,6,6,10,3,6,3,0,0,0,50,10,0
/Users/patriziadecristofaro/GIT/RxJava/rxjava-core/src/main/java/rx/operators/OperationSynchronize.java,rx.operators.OperationSynchronize$Synchronize,innerclass,7,7,0,7,2,1,0,2,0,0.0,1.0,1.0,2,0,2,0,0,0,2,0,0,0,2,0,0,2,0,0,0,0,0,12,1,0,0,0,0,0,0,3,0,3,0,0,0,0,10,10,0
/Users/patriziadecristofaro/GIT/RxJava/rxjava-core/src/main/java/rx/operators/OperationZip.java,rx.operators.OperationZip$ZipObserver,innerclass,8,8,0,8,7,1,0,7,0,0.6,0.7,1.0,5,0,5,0,0,0,5,0,0,0,4,0,0,2,0,2,4,0,0,29,0,0,0,1,0,0,0,4,0,4,1,0,0,0,21,10,1
/Users/patriziadecristofaro/GIT/RxJava/rxjava-core/src/main/java/rx/util/functions/FunctionLanguageAdaptor.java,rx.util.functions.FunctionLanguageAdaptor,interface,0,5,5,0,2,1,0,0,1,0.0,0.0,0.0,2,0,1,0,0,1,2,0,0,0,0,0,0,0,0,0,0,0,0,4,0,0,0,0,0,0,0,0,0,0,0,0,0,0,25,1,0
/Users/patriziadecristofaro/GIT/RxJava/rxjava-core/src/main/java/rx/operators/OperationTakeLast.java,rx.operators.OperationTakeLast,class,6,8,2,6,1,1,0,0,0,0.0,NaN,NaN,1,1,1,0,0,0,1,0,0,0,0,0,0,0,0,0,0,0,0,76,1,0,0,0,0,0,0,0,0,0,0,1,2,0,17,17,0
/Users/patriziadecristofaro/GIT/RxJava/rxjava-core/src/main/java/rx/operators/OperationNext.java,rx.operators.OperationNext$UnitTest$TestObservable,innerclass,3,3,0,3,5,2,0,3,0,0.4,0.7,1.0,5,0,5,0,0,0,5,0,0,0,2,0,0,0,0,2,0,0,0,20,1,0,0,0,0,1,0,3,0,2,0,0,0,0,15,10,0
/Users/patriziadecristofaro/GIT/RxJava/rxjava-core/src/main/java/rx/operators/OperationNext.java,rx.operators.OperationNext$NextIterator,innerclass,3,3,0,3,6,1,0,6,0,0.25,0.33333334,0.33333334,4,0,3,1,0,0,3,0,0,0,1,0,0,1,0,0,1,0,2,25,2,0,0,1,0,2,0,1,0,1,1,0,0,0,16,10,0
/Users/patriziadecristofaro/GIT/RxJava/rxjava-core/src/main/java/rx/plugins/RxJavaPlugins.java,rx.plugins.RxJavaPlugins,class,4,7,3,4,13,1,0,9,8,0.70000005,0.33333334,0.33333334,5,2,3,2,0,0,3,0,0,0,2,1,0,2,0,0,2,0,4,82,4,0,3,1,0,8,0,7,5,6,2,0,1,0,115,1,0
/Users/patriziadecristofaro/GIT/RxJava/rxjava-core/src/main/java/rx/operators/OperationOnErrorResumeNextViaObservable.java,rx.operators.OperationOnErrorResumeNextViaObservable$UnitTest$TestObservable,innerclass,3,3,0,3,2,2,0,2,0,0.33333334,1.0,1.0,2,0,2,0,0,0,2,0,0,0,3,0,0,0,0,3,2,0,0,32,1,0,0,0,0,3,0,4,0,3,0,1,0,0,14,10,0
/Users/patriziadecristofaro/GIT/RxJava/rxjava-core/src/main/java/rx/operators/OperationMap.java,rx.operators.OperationMap$MapObserver,innerclass,4,4,0,4,5,1,0,4,0,0.25,1.0,1.0,4,0,4,0,0,0,4,0,0,0,2,0,0,0,0,2,0,0,0,22,0,0,0,1,0,0,0,2,0,2,1,0,0,0,30,10,0
/Users/patriziadecristofaro/GIT/RxJava/rxjava-core/src/main/java/rx/operators/OperationOnErrorReturn.java,rx.operators.OperationOnErrorReturn$UnitTest$Anonymous4,anonymous,0,0,0,0,1,1,0,1,0,0.0,NaN,NaN,1,0,1,0,0,0,1,0,0,0,0,0,0,0,0,0,0,0,0,6,0,0,0,0,0,1,0,0,0,0,0,0,0,0,5,-1,0
/Users/patriziadecristofaro/GIT/RxJava/rxjava-core/src/main/java/rx/operators/OperationOnErrorReturn.java,rx.operators.OperationOnErrorReturn$UnitTest$Anonymous3,anonymous,0,0,0,0,1,1,0,1,0,0.0,NaN,NaN,1,0,1,0,0,0,1,0,0,0,0,0,0,0,0,0,0,0,0,6,1,0,0,0,0,1,0,0,0,0,0,0,0,0,3,-1,0
/Users/patriziadecristofaro/GIT/RxJava/rxjava-core/src/main/java/rx/operators/OperationMergeDelayError.java,rx.operators.OperationMergeDelayError$UnitTest$TestASynchronousObservable$Anonymous9,anonymous,1,1,0,1,1,1,0,2,0,0.0,NaN,NaN,1,0,1,0,0,0,1,0,0,0,0,0,0,0,0,0,0,0,0,6,0,0,0,0,0,1,0,0,0,0,0,0,0,0,1,-1,0
/Users/patriziadecristofaro/GIT/RxJava/rxjava-core/src/main/java/rx/util/functions/Functions.java,rx.util.functions.Functions$Anonymous1,anonymous,1,1,0,1,1,1,0,1,0,0.0,NaN,NaN,1,0,1,0,0,0,1,0,0,0,0,0,0,0,0,0,0,0,0,5,1,0,0,0,0,0,0,0,0,0,0,0,0,0,3,-1,0
/Users/patriziadecristofaro/GIT/RxJava/rxjava-core/src/main/java/rx/operators/OperationScan.java,rx.operators.OperationScan$UnitTest$Anonymous4,anonymous,0,0,0,0,1,1,0,0,0,0.0,NaN,NaN,1,0,1,0,0,0,1,0,0,0,0,0,0,0,0,0,0,0,0,5,1,0,0,0,0,0,0,0,1,0,0,0,0,0,4,-1,0
/Users/patriziadecristofaro/GIT/RxJava/rxjava-core/src/main/java/rx/util/functions/Functions.java,rx.util.functions.Functions$Anonymous2,anonymous,2,2,0,2,2,1,0,1,0,0.0,NaN,NaN,1,0,1,0,0,0,1,0,0,0,0,0,0,0,0,0,0,0,0,8,1,0,1,0,0,1,1,0,0,0,1,0,0,0,6,-1,0
/Users/patriziadecristofaro/GIT/RxJava/rxjava-core/src/main/java/rx/operators/OperationScan.java,rx.operators.OperationScan$UnitTest$Anonymous3,anonymous,0,0,0,0,1,1,0,0,0,0.0,NaN,NaN,1,0,1,0,0,0,1,0,0,0,0,0,0,0,0,0,0,0,0,5,1,0,0,0,0,0,0,0,1,0,0,0,0,0,4,-1,0
/Users/patriziadecristofaro/GIT/RxJava/rxjava-core/src/main/java/rx/operators/OperationCombineLatest.java,rx.operators.OperationCombineLatest$UnitTest$Anonymous5,anonymous,2,2,0,2,1,1,0,1,0,0.0,NaN,NaN,1,0,1,0,0,0,1,0,0,0,0,0,0,0,0,0,0,0,3,5,1,0,0,0,0,0,0,0,1,0,0,0,0,0,8,-1,0
/Users/patriziadecristofaro/GIT/RxJava/rxjava-core/src/main/java/rx/util/functions/Functions.java,rx.util.functions.Functions$Anonymous3,anonymous,3,3,0,3,2,1,0,1,0,0.0,NaN,NaN,1,0,1,0,0,0,1,0,0,0,0,0,0,0,0,0,0,0,0,8,1,0,1,0,0,2,2,0,0,0,1,0,0,0,7,-1,0
/Users/patriziadecristofaro/GIT/RxJava/rxjava-core/src/main/java/rx/operators/OperationScan.java,rx.operators.OperationScan$UnitTest$Anonymous2,anonymous,0,0,0,0,1,1,0,0,0,0.0,NaN,NaN,1,0,1,0,0,0,1,0,0,0,0,0,0,0,0,0,0,0,0,5,1,0,0,0,0,0,0,0,1,0,0,0,0,0,4,-1,0
/Users/patriziadecristofaro/GIT/RxJava/rxjava-core/src/main/java/rx/operators/OperationMaterialize.java,rx.operators.OperationMaterialize$MaterializeObservable,innerclass,6,6,0,6,2,1,0,1,0,0.0,1.0,1.0,2,0,2,0,0,0,2,0,0,0,1,0,0,1,0,0,1,0,0,22,1,0,0,0,0,0,0,1,0,1,0,1,0,0,6,10,0
/Users/patriziadecristofaro/GIT/RxJava/rxjava-core/src/main/java/rx/util/functions/Functions.java,rx.util.functions.Functions$Anonymous4,anonymous,4,4,0,4,2,1,0,1,0,0.0,NaN,NaN,1,0,1,0,0,0,1,0,0,0,0,0,0,0,0,0,0,0,0,8,1,0,1,0,0,2,3,0,0,0,1,0,0,0,8,-1,0
/Users/patriziadecristofaro/GIT/RxJava/rxjava-core/src/main/java/rx/operators/OperationCombineLatest.java,rx.operators.OperationCombineLatest$UnitTest$Anonymous3,anonymous,1,1,0,1,3,1,0,2,0,0.0,NaN,NaN,1,0,1,0,0,0,1,0,0,0,0,0,0,0,0,0,0,0,1,12,1,1,1,0,0,2,0,2,1,1,2,0,0,0,9,-1,0
/Users/patriziadecristofaro/GIT/RxJava/rxjava-core/src/main/java/rx/util/functions/Functions.java,rx.util.functions.Functions$Anonymous5,anonymous,5,5,0,5,2,1,0,1,0,0.0,NaN,NaN,1,0,1,0,0,0,1,0,0,0,0,0,0,0,0,0,0,0,0,8,1,0,1,0,0,2,4,0,0,0,1,0,0,0,9,-1,0
/Users/patriziadecristofaro/GIT/RxJava/rxjava-core/src/main/java/rx/operators/OperationCombineLatest.java,rx.operators.OperationCombineLatest$UnitTest$Anonymous4,anonymous,1,1,0,1,1,1,0,1,0,0.0,NaN,NaN,1,0,1,0,0,0,1,0,0,0,0,0,0,0,0,0,0,0,2,5,1,0,0,0,0,0,0,0,1,0,0,0,0,0,7,-1,0
/Users/patriziadecristofaro/GIT/RxJava/rxjava-core/src/main/java/rx/util/functions/Functions.java,rx.util.functions.Functions$Anonymous6,anonymous,6,6,0,6,2,1,0,1,0,0.0,NaN,NaN,1,0,1,0,0,0,1,0,0,0,0,0,0,0,0,0,0,0,0,8,1,0,1,0,0,2,5,0,0,0,1,0,0,0,10,-1,0
/Users/patriziadecristofaro/GIT/RxJava/rxjava-core/src/main/java/rx/util/functions/Functions.java,rx.util.functions.Functions$Anonymous7,anonymous,7,7,0,7,2,1,0,1,0,0.0,NaN,NaN,1,0,1,0,0,0,1,0,0,0,0,0,0,0,0,0,0,0,0,8,1,0,1,0,0,2,6,0,0,0,1,0,0,0,11,-1,0
/Users/patriziadecristofaro/GIT/RxJava/rxjava-core/src/main/java/rx/operators/OperationTake.java,rx.operators.OperationTake$TakeWhile$ItemObserver,innerclass,4,4,0,4,5,1,0,6,0,0.0,1.0,1.0,4,0,4,0,0,0,4,0,0,0,1,0,0,1,0,0,1,0,0,20,0,0,0,0,0,0,0,1,0,1,1,0,0,0,11,2,0
/Users/patriziadecristofaro/GIT/RxJava/rxjava-core/src/main/java/rx/operators/OperationCombineLatest.java,rx.operators.OperationCombineLatest$UnitTest$Anonymous2,anonymous,0,0,0,0,4,1,0,0,0,0.0,NaN,NaN,1,0,1,0,0,0,1,0,0,0,0,0,0,0,0,0,0,0,0,14,1,0,3,0,0,3,0,3,1,0,1,0,0,0,5,-1,0
/Users/patriziadecristofaro/GIT/RxJava/rxjava-core/src/main/java/rx/operators/OperationOnErrorReturn.java,rx.operators.OperationOnErrorReturn$UnitTest,innerclass,7,7,0,7,4,2,0,16,1,0.0,0.0,0.0,2,0,2,0,0,0,2,0,0,0,0,0,0,0,0,0,0,0,4,83,0,0,0,2,0,7,6,10,0,10,1,2,1,0,36,9,0
/Users/patriziadecristofaro/GIT/RxJava/rxjava-core/src/main/java/rx/util/functions/Functions.java,rx.util.functions.Functions$Anonymous8,anonymous,8,8,0,8,2,1,0,1,0,0.0,NaN,NaN,1,0,1,0,0,0,1,0,0,0,0,0,0,0,0,0,0,0,0,8,1,0,1,0,0,2,7,0,0,0,1,0,0,0,12,-1,0
/Users/patriziadecristofaro/GIT/RxJava/rxjava-core/src/main/java/rx/util/functions/Functions.java,rx.util.functions.Functions$Anonymous9,anonymous,9,9,0,9,2,1,0,1,0,0.0,NaN,NaN,1,0,1,0,0,0,1,0,0,0,0,0,0,0,0,0,0,0,0,8,1,0,1,0,0,2,8,0,0,0,1,0,0,0,13,-1,0
/Users/patriziadecristofaro/GIT/RxJava/rxjava-core/src/main/java/rx/operators/OperationNext.java,rx.operators.OperationNext$NextObserver,innerclass,4,4,0,4,14,1,0,12,7,0.5833334,0.26666668,0.4,6,0,6,0,0,0,6,0,0,0,2,0,0,2,0,0,2,0,2,42,3,1,1,0,0,1,1,7,0,6,3,0,0,0,27,10,0
/Users/patriziadecristofaro/GIT/RxJava/rxjava-core/src/main/java/rx/operators/OperationMergeDelayError.java,rx.operators.OperationMergeDelayError$UnitTest$TestSynchronousObservable$Anonymous8,anonymous,0,0,0,0,1,1,0,0,0,0.0,NaN,NaN,1,0,1,0,0,0,1,0,0,0,0,0,0,0,0,0,0,0,0,4,0,0,0,0,0,0,0,0,0,0,0,0,0,0,1,-1,0
/Users/patriziadecristofaro/GIT/RxJava/rxjava-core/src/main/java/rx/plugins/RxJavaPlugins.java,rx.plugins.RxJavaPlugins$UnitTest,innerclass,7,7,0,7,5,2,0,12,10,0.0,0.0,0.0,5,1,4,1,0,0,4,0,0,0,0,0,0,0,0,0,0,0,8,30,1,0,0,1,0,4,0,4,1,4,1,0,1,0,27,9,0
/Users/patriziadecristofaro/GIT/RxJava/rxjava-core/src/main/java/rx/operators/OperationMerge.java,rx.operators.OperationMerge$MergeObservable$MergeSubscription,innerclass,2,2,0,2,4,1,0,4,1,0.0,0.0,0.0,2,0,2,0,0,0,2,0,0,0,0,0,0,0,0,0,0,0,0,17,2,1,0,0,0,0,0,1,0,1,2,0,0,0,34,2,0
/Users/patriziadecristofaro/GIT/RxJava/rxjava-core/src/main/java/rx/operators/OperationScan.java,rx.operators.OperationScan$Accumulator$Anonymous1,anonymous,5,5,0,5,8,1,0,6,1,0.33333334,0.33333334,0.33333334,3,0,3,0,0,0,3,0,0,2,2,0,0,2,0,0,0,0,0,35,2,0,2,1,0,1,0,5,0,2,2,0,0,0,63,-1,0
/Users/patriziadecristofaro/GIT/RxJava/rxjava-core/src/main/java/rx/operators/OperationMergeDelayError.java,rx.operators.OperationMergeDelayError$UnitTest$TestErrorObservable$Anonymous12,anonymous,0,0,0,0,1,1,0,0,0,0.0,NaN,NaN,1,0,1,0,0,0,1,0,0,0,0,0,0,0,0,0,0,0,0,4,0,0,0,0,0,0,0,0,0,0,0,0,0,0,1,-1,0
/Users/patriziadecristofaro/GIT/RxJava/rxjava-core/src/main/java/rx/operators/OperationOnErrorResumeNextViaObservable.java,rx.operators.OperationOnErrorResumeNextViaObservable$UnitTest$TestObservable$Anonymous3,anonymous,1,1,0,1,3,1,0,3,0,0.0,NaN,NaN,1,0,1,0,0,0,1,0,0,0,0,0,0,0,0,0,0,0,0,15,0,1,0,1,0,3,0,0,1,0,2,0,0,0,8,-1,0
/Users/patriziadecristofaro/GIT/RxJava/rxjava-core/src/main/java/rx/Observable.java,rx.Observable$Anonymous8,anonymous,2,2,0,2,3,1,0,3,3,0.0,0.0,0.0,3,0,3,0,0,0,3,0,0,0,0,0,0,0,0,0,0,0,0,12,0,0,0,0,0,0,0,0,0,0,0,0,0,0,8,-1,0
/Users/patriziadecristofaro/GIT/RxJava/rxjava-core/src/main/java/rx/operators/OperationCombineLatest.java,rx.operators.OperationCombineLatest$Aggregator$Anonymous1,anonymous,1,1,0,1,1,1,0,1,0,0.0,NaN,NaN,1,0,1,0,0,0,1,0,0,0,0,0,0,0,0,0,0,0,0,5,0,0,0,0,0,0,0,0,0,0,0,0,0,0,2,-1,0
/Users/patriziadecristofaro/GIT/RxJava/rxjava-core/src/main/java/rx/Observable.java,rx.Observable$Anonymous9,anonymous,1,1,0,1,1,1,0,1,0,0.0,NaN,NaN,1,0,1,0,0,0,1,0,0,0,0,0,0,0,0,0,0,0,0,5,0,0,0,0,0,0,0,0,0,0,0,0,0,0,3,-1,0
/Users/patriziadecristofaro/GIT/RxJava/rxjava-core/src/main/java/rx/operators/OperationMerge.java,rx.operators.OperationMerge$UnitTest$TestObservable,innerclass,3,3,0,3,4,2,0,3,0,0.5833333,1.0,1.0,4,0,4,0,0,0,4,0,0,0,3,0,0,0,0,3,0,0,0,23,1,0,0,0,0,1,0,4,0,3,0,1,0,0,37,10,0
/Users/patriziadecristofaro/GIT/RxJava/rxjava-core/src/main/java/rx/Observable.java,rx.Observable$Anonymous6,anonymous,3,3,0,3,5,1,0,3,3,0.0,0.0,0.0,3,0,3,0,0,0,3,0,0,0,0,0,0,0,0,0,0,0,2,16,0,0,2,0,0,0,0,0,0,0,1,0,0,0,11,-1,0
/Users/patriziadecristofaro/GIT/RxJava/rxjava-core/src/main/java/rx/Observable.java,rx.Observable$Anonymous7,anonymous,4,4,0,4,5,1,0,4,3,0.0,0.0,0.0,3,0,3,0,0,0,3,0,0,0,0,0,0,0,0,0,0,0,0,17,0,0,2,0,0,1,0,0,0,0,1,0,0,0,13,-1,0
/Users/patriziadecristofaro/GIT/RxJava/rxjava-core/src/main/java/rx/Observable.java,rx.Observable$Anonymous4,anonymous,3,3,0,3,4,1,0,3,3,0.0,0.0,0.0,3,0,3,0,0,0,3,0,0,0,0,0,0,0,0,0,0,0,1,13,0,0,1,0,0,0,0,0,0,0,1,0,0,0,10,-1,0
/Users/patriziadecristofaro/GIT/RxJava/rxjava-core/src/main/java/rx/Observable.java,rx.Observable$Anonymous5,anonymous,3,3,0,3,5,1,0,3,3,0.0,0.0,0.0,3,0,3,0,0,0,3,0,0,0,0,0,0,0,0,0,0,0,0,16,0,0,2,0,0,1,0,0,0,0,1,0,0,0,13,-1,0
/Users/patriziadecristofaro/GIT/RxJava/rxjava-core/src/main/java/rx/operators/OperationOnErrorResumeNextViaFunction.java,rx.operators.OperationOnErrorResumeNextViaFunction$OnErrorResumeNextViaFunction,innerclass,7,7,0,7,2,1,0,3,0,0.25,1.0,1.0,2,0,2,0,0,0,2,0,0,0,2,0,0,2,0,0,2,0,0,44,1,0,0,0,0,0,0,3,0,3,0,2,0,0,16,10,0
/Users/patriziadecristofaro/GIT/RxJava/rxjava-core/src/main/java/rx/operators/OperationMergeDelayError.java,rx.operators.OperationMergeDelayError$Anonymous4$Anonymous5,anonymous,0,0,0,0,1,1,0,0,0,0.0,NaN,NaN,1,0,1,0,0,0,1,0,0,0,0,0,0,0,0,0,0,0,0,5,0,0,0,0,0,0,0,1,0,0,0,0,0,0,3,-1,0
/Users/patriziadecristofaro/GIT/RxJava/rxjava-core/src/main/java/rx/operators/OperationNext.java,rx.operators.OperationNext,class,6,8,2,6,1,1,0,2,0,0.0,NaN,NaN,1,1,1,0,0,0,1,0,0,0,0,0,0,0,0,0,0,0,0,200,1,0,0,0,0,0,0,2,0,2,0,1,3,0,16,17,0
/Users/patriziadecristofaro/GIT/RxJava/rxjava-core/src/main/java/rx/util/AtomicObserver.java,rx.util.AtomicObserver,class,4,6,2,4,8,1,0,7,0,0.16666667,1.0,1.0,4,0,4,0,0,0,4,0,0,0,3,0,0,3,0,0,3,0,0,31,0,0,0,1,0,0,0,3,0,3,2,0,0,0,117,1,0
/Users/patriziadecristofaro/GIT/RxJava/rxjava-core/src/main/java/rx/operators/OperationOnErrorResumeNextViaObservable.java,rx.operators.OperationOnErrorResumeNextViaObservable$OnErrorResumeNextViaObservable$Anonymous1,anonymous,4,4,0,4,5,1,0,6,3,0.0,0.0,0.0,3,0,3,0,0,0,3,0,0,0,0,0,0,0,0,0,0,0,0,17,0,0,1,0,0,0,0,2,0,2,2,0,0,0,23,-1,0
/Users/patriziadecristofaro/GIT/RxJava/rxjava-core/src/test/java/rx/performance/TestChainPerformance.java,rx.performance.TestChainPerformance$MathFunction,innerclass,1,1,0,1,1,1,0,0,0,0.0,NaN,NaN,1,0,1,0,0,0,1,0,0,0,0,0,0,0,0,0,0,0,0,5,1,0,0,0,0,0,1,0,1,0,0,0,0,0,5,10,0
/Users/patriziadecristofaro/GIT/RxJava/rxjava-core/src/main/java/rx/operators/OperationOnErrorResumeNextViaObservable.java,rx.operators.OperationOnErrorResumeNextViaObservable$OnErrorResumeNextViaObservable$Anonymous2,anonymous,1,1,0,1,2,1,0,2,0,0.0,NaN,NaN,1,0,1,0,0,0,1,0,0,0,0,0,0,0,0,0,0,0,0,8,0,0,1,0,0,0,0,1,0,1,1,0,0,0,4,-1,0
/Users/patriziadecristofaro/GIT/RxJava/rxjava-core/src/main/java/rx/Observable.java,rx.Observable$UnitTest$TestException,innerclass,0,0,0,0,0,4,0,0,0,0.0,-1.0,-1.0,0,0,0,0,0,0,0,0,0,0,0,0,0,0,0,0,0,0,0,2,0,0,0,0,0,0,0,0,0,0,0,0,0,0,3,10,0
/Users/patriziadecristofaro/GIT/RxJava/rxjava-core/src/main/java/rx/operators/OperationMerge.java,rx.operators.OperationMerge$UnitTest$TestSynchronousObservable$Anonymous6,anonymous,0,0,0,0,1,1,0,0,0,0.0,NaN,NaN,1,0,1,0,0,0,1,0,0,0,0,0,0,0,0,0,0,0,0,4,0,0,0,0,0,0,0,0,0,0,0,0,0,0,1,-1,0
/Users/patriziadecristofaro/GIT/RxJava/rxjava-core/src/main/java/rx/util/Exceptions.java,rx.util.Exceptions,class,0,3,3,0,3,1,0,0,1,0.0,NaN,NaN,2,1,1,1,0,0,1,0,0,0,0,0,0,0,0,0,0,0,0,12,0,0,0,0,0,0,0,0,0,0,1,0,0,0,6,1,0
/Users/patriziadecristofaro/GIT/RxJava/rxjava-core/src/main/java/rx/util/AtomicObservableSubscription.java,rx.util.AtomicObservableSubscription,class,3,26,23,3,7,1,0,6,2,0.5,0.4,0.6,5,0,5,0,0,0,5,0,0,0,2,0,0,2,0,0,0,0,0,25,2,0,1,0,0,1,0,3,0,3,1,0,0,0,69,17,0
/Users/patriziadecristofaro/GIT/RxJava/rxjava-core/src/main/java/rx/operators/OperationMerge.java,rx.operators.OperationMerge,class,7,11,4,7,3,1,0,4,3,0.0,0.0,0.0,3,3,3,0,0,0,3,0,0,0,0,0,0,0,0,0,0,0,4,323,3,0,0,0,0,0,0,0,0,0,0,2,2,0,31,17,0
/Users/patriziadecristofaro/GIT/RxJava/rxjava-core/src/main/java/rx/operators/OperationZip.java,rx.operators.OperationZip$UnitTest$TestObservable,innerclass,3,3,0,3,1,2,0,1,0,0.0,NaN,NaN,1,0,1,0,0,0,1,0,0,0,1,0,0,0,0,1,0,0,1,7,1,0,0,0,0,0,0,1,0,1,0,0,0,0,5,10,0
/Users/patriziadecristofaro/GIT/RxJava/rxjava-core/src/main/java/rx/operators/OperationMaterialize.java,rx.operators.OperationMaterialize,class,7,9,2,7,1,2,0,0,0,0.0,NaN,NaN,1,1,1,0,0,0,1,0,0,0,0,0,0,0,0,0,0,0,0,139,1,0,0,0,0,0,0,0,0,0,0,0,4,0,44,17,0
/Users/patriziadecristofaro/GIT/RxJava/rxjava-core/src/main/java/rx/Observable.java,rx.Observable$Anonymous2,anonymous,2,2,0,2,3,1,0,2,3,0.0,0.0,0.0,3,0,3,0,0,0,3,0,0,0,0,0,0,0,0,0,0,0,0,10,0,0,0,0,0,0,0,0,0,0,0,0,0,0,9,-1,0
/Users/patriziadecristofaro/GIT/RxJava/rxjava-core/src/main/java/rx/Observable.java,rx.Observable$Anonymous3,anonymous,3,3,0,3,4,1,0,2,3,0.0,0.0,0.0,3,0,3,0,0,0,3,0,0,0,0,0,0,0,0,0,0,0,0,13,0,0,1,0,0,1,0,0,0,0,1,0,0,0,13,-1,0
/Users/patriziadecristofaro/GIT/RxJava/language-adaptors/rxjava-clojure/src/main/java/rx/lang/clojure/ClojureAdaptor.java,rx.lang.clojure.ClojureAdaptor$UnitTest$ScriptAssertion,interface,0,0,0,0,2,1,0,0,1,0.0,0.0,0.0,2,0,2,0,0,0,2,0,0,0,0,0,0,0,0,0,0,0,0,4,0,0,0,0,0,0,0,0,0,0,0,0,0,0,7,10,0
/Users/patriziadecristofaro/GIT/RxJava/rxjava-core/src/main/java/rx/Observable.java,rx.Observable$Anonymous1,anonymous,3,3,0,3,5,1,0,4,3,0.0,0.0,0.0,3,0,3,0,0,0,3,0,0,0,0,0,0,0,0,0,0,0,2,18,0,0,2,0,0,2,0,2,0,2,1,0,0,0,11,-1,0
/Users/patriziadecristofaro/GIT/RxJava/rxjava-core/src/main/java/rx/operators/OperationOnErrorResumeNextViaFunction.java,rx.operators.OperationOnErrorResumeNextViaFunction$UnitTest$TestObservable$Anonymous7,anonymous,1,1,0,1,3,1,0,3,0,0.0,NaN,NaN,1,0,1,0,0,0,1,0,0,0,0,0,0,0,0,0,0,0,0,15,0,1,0,1,0,3,0,0,1,0,2,0,0,0,8,-1,0
/Users/patriziadecristofaro/GIT/RxJava/rxjava-core/src/main/java/rx/operators/OperationNext.java,rx.operators.OperationNext$UnitTest$TestException,innerclass,0,0,0,0,0,4,0,0,0,0.0,-1.0,-1.0,0,0,0,0,0,0,0,0,0,0,0,0,0,0,0,0,0,0,0,2,0,0,0,0,0,1,0,0,0,0,0,0,0,0,3,10,0
/Users/patriziadecristofaro/GIT/RxJava/rxjava-core/src/main/java/rx/operators/OperationMergeDelayError.java,rx.operators.OperationMergeDelayError$UnitTest$TestErrorObservable,innerclass,4,4,0,4,5,2,0,4,0,0.0,1.0,1.0,2,0,1,0,0,1,2,0,0,0,1,0,0,0,0,1,0,0,0,27,1,1,1,0,0,1,0,3,0,2,2,1,0,0,18,10,0
/Users/patriziadecristofaro/GIT/RxJava/rxjava-core/src/main/java/rx/operators/OperationTakeLast.java,rx.operators.OperationTakeLast$UnitTest,innerclass,5,5,0,5,3,1,0,13,3,0.0,0.0,0.0,3,0,3,0,0,0,3,0,0,0,0,0,0,0,0,0,0,0,9,32,0,0,0,0,0,11,9,10,0,10,0,0,0,0,18,9,0
/Users/patriziadecristofaro/GIT/RxJava/rxjava-core/src/main/java/rx/operators/OperationMergeDelayError.java,rx.operators.OperationMergeDelayError$UnitTest,innerclass,15,15,0,15,16,6,0,26,0,0.15384616,0.7051282,0.7051282,13,0,13,0,0,0,13,0,0,0,1,0,0,0,0,1,0,0,25,340,0,0,0,2,1,119,65,48,0,49,1,1,6,0,66,9,0
/Users/patriziadecristofaro/GIT/RxJava/rxjava-core/src/main/java/rx/operators/OperationMerge.java,rx.operators.OperationMerge$Anonymous2$Anonymous3,anonymous,0,0,0,0,1,1,0,0,0,0.0,NaN,NaN,1,0,1,0,0,0,1,0,0,0,0,0,0,0,0,0,0,0,0,5,0,0,0,0,0,0,0,1,0,0,0,0,0,0,3,-1,0
/Users/patriziadecristofaro/GIT/RxJava/rxjava-core/src/main/java/rx/Observable.java,rx.Observable$ThrowObservable,innerclass,5,5,0,5,1,2,0,0,0,0.0,NaN,NaN,1,0,1,0,0,0,1,0,0,0,0,0,0,0,0,0,0,0,0,11,0,0,0,0,0,0,0,0,0,0,0,1,0,0,16,10,0
/Users/patriziadecristofaro/GIT/RxJava/rxjava-core/src/test/java/rx/performance/PerformanceTest.java,rx.performance.PerformanceTest$TestStringObserver,innerclass,1,1,0,1,4,1,0,5,0,0.375,0.33333334,0.33333334,4,0,3,1,0,0,3,0,0,0,2,0,0,2,0,0,2,0,1,18,0,0,0,0,2,3,2,3,4,3,0,0,0,0,15,26,0
/Users/patriziadecristofaro/GIT/RxJava/rxjava-core/src/main/java/rx/operators/OperationFilter.java,rx.operators.OperationFilter$UnitTest,innerclass,5,5,0,5,1,1,0,12,0,0.0,NaN,NaN,1,0,1,0,0,0,1,0,0,0,0,0,0,0,0,0,0,0,3,18,0,0,0,0,0,7,2,3,0,3,0,1,0,0,12,9,0
/Users/patriziadecristofaro/GIT/RxJava/rxjava-core/src/main/java/rx/util/functions/Functions.java,rx.util.functions.Functions,class,31,38,7,31,45,1,0,35,198,0.88095236,0.031578947,0.031578947,21,21,19,2,0,0,20,0,0,0,2,2,0,2,0,0,2,0,21,277,36,2,1,1,0,21,0,6,6,6,3,15,1,0,116,1,3
/Users/patriziadecristofaro/GIT/RxJava/rxjava-core/src/main/java/rx/Observable.java,rx.Observable$NeverObservable,innerclass,5,5,0,5,1,2,0,0,0,0.0,NaN,NaN,1,0,1,0,0,0,1,0,0,0,0,0,0,0,0,0,0,0,0,10,0,0,0,0,0,0,0,0,0,0,0,1,0,0,23,10,0
/Users/patriziadecristofaro/GIT/RxJava/rxjava-core/src/main/java/rx/operators/OperationMap.java,rx.operators.OperationMap$MapObservable,innerclass,7,7,0,7,2,1,0,1,0,0.0,1.0,1.0,2,0,2,0,0,0,2,0,0,0,2,0,0,2,0,0,0,0,0,11,1,0,0,0,0,0,0,2,0,2,0,0,0,0,27,10,0
/Users/patriziadecristofaro/GIT/RxJava/rxjava-core/src/test/java/rx/performance/TestChainPerformance.java,rx.performance.TestChainPerformance$Anonymous1,anonymous,1,1,0,1,3,1,0,2,0,0.0,NaN,NaN,1,0,1,0,0,0,1,0,0,0,0,0,0,0,0,0,0,0,0,13,1,1,1,0,0,0,1,4,0,2,1,0,0,0,12,-1,0
/Users/patriziadecristofaro/GIT/RxJava/rxjava-core/src/main/java/rx/operators/OperationMergeDelayError.java,rx.operators.OperationMergeDelayError$UnitTest$CaptureObserver,innerclass,1,1,0,1,3,1,0,0,3,0.6666667,0.0,0.0,3,0,3,0,0,0,3,0,0,0,1,0,0,0,0,1,0,0,0,10,0,0,0,0,0,0,0,1,0,1,0,0,0,0,9,10,0
/Users/patriziadecristofaro/GIT/RxJava/rxjava-core/src/main/java/rx/operators/OperationScan.java,rx.operators.OperationScan$UnitTest,innerclass,6,6,0,6,4,1,0,15,6,0.0,0.0,0.0,4,0,4,0,0,0,4,0,0,0,0,0,0,0,0,0,0,0,9,60,0,0,0,0,0,3,32,9,0,9,0,3,0,0,21,9,0
/Users/patriziadecristofaro/GIT/RxJava/language-adaptors/rxjava-jruby/src/main/java/rx/lang/jruby/JRubyAdaptor.java,rx.lang.jruby.JRubyAdaptor$UnitTest$TestObservable$Anonymous1,anonymous,2,2,0,2,1,1,0,0,0,0.0,NaN,NaN,1,0,1,0,0,0,1,0,0,0,0,0,0,0,0,0,0,0,0,5,1,0,0,0,0,0,0,0,0,0,0,0,0,0,4,-1,0
/Users/patriziadecristofaro/GIT/RxJava/rxjava-core/src/main/java/rx/operators/OperationMerge.java,rx.operators.OperationMerge$UnitTest$TestObservable$Anonymous9,anonymous,0,0,0,0,1,1,0,0,0,0.0,NaN,NaN,1,0,1,0,0,0,1,0,0,0,0,0,0,0,0,0,0,0,0,5,0,0,0,0,0,0,0,1,0,0,0,0,0,0,3,-1,0
/Users/patriziadecristofaro/GIT/RxJava/language-adaptors/rxjava-jruby/src/main/java/rx/lang/jruby/JRubyAdaptor.java,rx.lang.jruby.JRubyAdaptor$UnitTest$TestObservable$Anonymous2,anonymous,0,0,0,0,1,1,0,0,0,0.0,NaN,NaN,1,0,1,0,0,0,1,0,0,0,0,0,0,0,0,0,0,0,0,4,0,0,0,0,0,0,0,0,0,0,0,0,0,0,1,-1,0
/Users/patriziadecristofaro/GIT/RxJava/rxjava-core/src/main/java/rx/Observable.java,rx.Observable$UnitTest,innerclass,9,9,0,9,20,4,0,32,188,0.9,0.005263158,0.005263158,20,0,20,0,0,0,20,0,0,0,1,0,0,0,0,1,0,0,23,174,0,0,0,0,0,38,43,29,0,30,0,11,1,0,51,9,0
/Users/patriziadecristofaro/GIT/RxJava/rxjava-core/src/main/java/rx/util/SynchronizedObserver.java,rx.util.SynchronizedObserver$UnitTest$TestSingleThreadedObservable$Anonymous1,anonymous,1,1,0,1,3,1,0,3,0,0.0,NaN,NaN,1,0,1,0,0,0,1,0,0,0,0,0,0,0,0,0,0,0,0,15,0,1,0,1,0,2,0,0,1,0,2,0,0,0,10,-1,0
/Users/patriziadecristofaro/GIT/RxJava/rxjava-core/src/main/java/rx/operators/OperationCombineLatest.java,rx.operators.OperationCombineLatest$UnitTest$TestObservable,innerclass,3,3,0,3,1,2,0,1,0,0.0,NaN,NaN,1,0,1,0,0,0,1,0,0,0,1,0,0,0,0,1,0,0,1,7,1,0,0,0,0,0,0,1,0,1,0,0,0,0,5,10,0
/Users/patriziadecristofaro/GIT/RxJava/rxjava-core/src/main/java/rx/operators/OperationFilter.java,rx.operators.OperationFilter$Filter,innerclass,6,6,0,6,2,1,0,2,0,0.33333334,1.0,1.0,2,0,2,0,0,0,2,0,0,0,3,0,0,3,0,0,3,0,0,31,1,0,0,0,0,0,0,3,0,3,0,1,0,0,9,10,0
/Users/patriziadecristofaro/GIT/RxJava/rxjava-core/src/main/java/rx/Observable.java,rx.Observable$Anonymous37,anonymous,3,3,0,3,1,1,0,1,0,0.0,NaN,NaN,1,0,1,0,0,0,1,0,0,0,0,0,0,0,0,0,0,0,0,5,1,0,0,0,0,1,0,0,0,0,0,0,0,0,4,-1,0
/Users/patriziadecristofaro/GIT/RxJava/rxjava-core/src/main/java/rx/Observable.java,rx.Observable$Anonymous38,anonymous,4,4,0,4,1,1,0,1,0,0.0,NaN,NaN,1,0,1,0,0,0,1,0,0,0,0,0,0,0,0,0,0,0,0,5,1,0,0,0,0,1,0,0,0,0,0,0,0,0,3,-1,0
/Users/patriziadecristofaro/GIT/RxJava/rxjava-core/src/main/java/rx/Observable.java,rx.Observable$Anonymous39,anonymous,3,3,0,3,1,1,0,1,0,0.0,NaN,NaN,1,0,1,0,0,0,1,0,0,0,0,0,0,0,0,0,0,0,0,5,1,0,0,0,0,1,0,0,0,0,0,0,0,0,3,-1,0
/Users/patriziadecristofaro/GIT/RxJava/rxjava-core/src/main/java/rx/operators/OperationOnErrorResumeNextViaFunction.java,rx.operators.OperationOnErrorResumeNextViaFunction$OnErrorResumeNextViaFunction$Anonymous2,anonymous,1,1,0,1,2,1,0,2,0,0.0,NaN,NaN,1,0,1,0,0,0,1,0,0,0,0,0,0,0,0,0,0,0,0,8,0,0,1,0,0,0,0,1,0,1,1,0,0,0,4,-1,0
/Users/patriziadecristofaro/GIT/RxJava/rxjava-core/src/main/java/rx/util/SynchronizedObserver.java,rx.util.SynchronizedObserver$UnitTest$TestConcurrencyObserverEvent,enum,0,0,0,0,0,1,0,0,0,0.0,-1.0,-1.0,0,0,0,0,0,0,0,0,0,0,0,0,0,0,0,0,0,0,0,1,0,0,0,0,0,0,0,0,0,0,0,0,0,0,7,10,0
/Users/patriziadecristofaro/GIT/RxJava/rxjava-core/src/main/java/rx/Observable.java,rx.Observable$Anonymous33,anonymous,4,4,0,4,1,1,0,1,0,0.0,NaN,NaN,1,0,1,0,0,0,1,0,0,0,0,0,0,0,0,0,0,0,0,5,1,0,0,0,0,1,0,0,0,0,0,0,0,0,5,-1,0
/Users/patriziadecristofaro/GIT/RxJava/rxjava-core/src/main/java/rx/operators/OperationOnErrorResumeNextViaFunction.java,rx.operators.OperationOnErrorResumeNextViaFunction$OnErrorResumeNextViaFunction$Anonymous1,anonymous,6,6,0,6,6,1,0,9,3,0.0,0.0,0.0,3,0,3,0,0,0,3,0,0,0,0,0,0,0,0,0,0,0,1,23,0,0,1,1,0,1,0,3,0,3,3,0,0,0,28,-1,0
/Users/patriziadecristofaro/GIT/RxJava/rxjava-core/src/main/java/rx/operators/OperationMergeDelayError.java,rx.operators.OperationMergeDelayError$UnitTest$Anonymous6$Anonymous7,anonymous,0,0,0,0,1,1,0,0,0,0.0,NaN,NaN,1,0,1,0,0,0,1,0,0,0,0,0,0,0,0,0,0,0,0,4,0,0,0,0,0,0,0,0,0,0,0,0,0,0,1,-1,0
/Users/patriziadecristofaro/GIT/RxJava/rxjava-core/src/main/java/rx/Observable.java,rx.Observable$Anonymous34,anonymous,5,5,0,5,1,1,0,1,0,0.0,NaN,NaN,1,0,1,0,0,0,1,0,0,0,0,0,0,0,0,0,0,0,0,5,1,0,0,0,0,1,0,0,0,0,0,0,0,0,6,-1,0
/Users/patriziadecristofaro/GIT/RxJava/rxjava-core/src/main/java/rx/Observable.java,rx.Observable$Anonymous35,anonymous,6,6,0,6,1,1,0,1,0,0.0,NaN,NaN,1,0,1,0,0,0,1,0,0,0,0,0,0,0,0,0,0,0,0,5,1,0,0,0,0,1,0,0,0,0,0,0,0,0,7,-1,0
/Users/patriziadecristofaro/GIT/RxJava/rxjava-core/src/main/java/rx/Observable.java,rx.Observable$Anonymous36,anonymous,2,2,0,2,1,1,0,1,0,0.0,NaN,NaN,1,0,1,0,0,0,1,0,0,0,0,0,0,0,0,0,0,0,0,5,1,0,0,0,0,0,0,0,0,0,0,0,0,0,4,-1,0
/Users/patriziadecristofaro/GIT/RxJava/rxjava-core/src/main/java/rx/operators/OperationTake.java,rx.operators.OperationTake,class,8,11,3,8,5,1,0,3,10,0.0,0.0,0.0,5,5,3,2,0,0,3,0,0,0,0,0,0,0,0,0,0,0,4,172,5,0,0,0,0,0,0,0,0,0,0,3,2,0,42,17,0
/Users/patriziadecristofaro/GIT/RxJava/rxjava-core/src/main/java/rx/Observable.java,rx.Observable$Anonymous30,anonymous,2,2,0,2,1,1,0,1,0,0.0,NaN,NaN,1,0,1,0,0,0,1,0,0,0,0,0,0,0,0,0,0,0,0,5,1,0,0,0,0,0,0,0,0,0,0,0,0,0,4,-1,0
/Users/patriziadecristofaro/GIT/RxJava/rxjava-core/src/main/java/rx/subjects/Subject.java,rx.subjects.Subject$Anonymous1$Anonymous2,anonymous,0,0,0,0,1,1,0,1,0,0.0,NaN,NaN,1,0,1,0,0,0,1,0,0,0,0,0,0,0,0,0,0,0,0,5,0,0,0,0,0,0,0,0,0,0,0,0,0,0,2,-1,0
/Users/patriziadecristofaro/GIT/RxJava/rxjava-core/src/main/java/rx/operators/OperationToObservableSortedList.java,rx.operators.OperationToObservableSortedList$ToObservableSortedList$Anonymous1,anonymous,3,3,0,3,5,1,0,9,3,0.0,0.0,0.0,3,0,3,0,0,0,3,0,0,0,0,0,0,0,0,0,0,0,2,27,0,1,0,1,0,0,0,1,0,1,2,1,0,0,12,-1,0
/Users/patriziadecristofaro/GIT/RxJava/rxjava-core/src/main/java/rx/Observable.java,rx.Observable$Anonymous31,anonymous,2,2,0,2,1,1,0,1,0,0.0,NaN,NaN,1,0,1,0,0,0,1,0,0,0,0,0,0,0,0,0,0,0,0,5,1,0,0,0,0,0,0,0,0,0,0,0,0,0,4,-1,0
/Users/patriziadecristofaro/GIT/RxJava/rxjava-core/src/main/java/rx/Observable.java,rx.Observable$Anonymous32,anonymous,1,1,0,1,1,1,0,1,0,0.0,NaN,NaN,1,0,1,0,0,0,1,0,0,0,0,0,0,0,0,0,0,0,0,5,1,0,0,0,0,0,0,0,0,0,0,0,0,0,4,-1,0
/Users/patriziadecristofaro/GIT/RxJava/rxjava-core/src/main/java/rx/util/functions/Action0.java,rx.util.functions.Action0,interface,1,6,5,1,1,1,0,0,0,0.0,NaN,NaN,1,0,1,0,0,0,1,0,0,0,0,0,0,0,0,0,0,0,0,3,0,0,0,0,0,0,0,0,0,0,0,0,0,0,3,1,0
/Users/patriziadecristofaro/GIT/RxJava/rxjava-core/src/main/java/rx/operators/OperationLast.java,rx.operators.OperationLast,class,6,8,2,6,1,1,0,0,0,0.0,NaN,NaN,1,1,1,0,0,0,1,0,0,0,0,0,0,0,0,0,0,0,0,44,1,0,0,0,0,0,0,0,0,0,0,0,2,0,8,17,0
/Users/patriziadecristofaro/GIT/RxJava/rxjava-core/src/main/java/rx/operators/OperationNext.java,rx.operators.OperationNext$UnitTest$Anonymous2,anonymous,0,0,0,0,1,1,0,1,0,0.0,NaN,NaN,1,0,1,0,0,0,1,0,0,0,0,0,0,0,0,0,0,0,0,5,1,0,0,0,0,0,0,0,0,0,0,0,0,0,2,-1,0
/Users/patriziadecristofaro/GIT/RxJava/rxjava-core/src/main/java/rx/operators/OperationNext.java,rx.operators.OperationNext$UnitTest$Anonymous3,anonymous,3,3,0,3,1,1,0,2,0,0.0,NaN,NaN,1,0,1,0,0,0,1,0,0,0,0,0,0,0,0,0,0,0,1,23,1,0,0,0,0,0,0,0,0,0,0,1,0,0,5,-1,0
/Users/patriziadecristofaro/GIT/RxJava/rxjava-core/src/main/java/rx/operators/OperationMap.java,rx.operators.OperationMap$UnitTest$Anonymous2$Anonymous3,anonymous,0,0,0,0,1,1,0,1,0,0.0,NaN,NaN,1,0,1,0,0,0,1,0,0,0,0,0,0,0,0,0,0,0,0,5,1,0,0,0,0,1,0,0,0,0,0,0,0,0,2,-1,0
/Users/patriziadecristofaro/GIT/RxJava/rxjava-core/src/main/java/rx/subjects/Subject.java,rx.subjects.Subject$Anonymous1,anonymous,5,5,0,5,1,1,0,2,0,0.0,NaN,NaN,1,0,1,0,0,0,1,0,0,0,0,0,0,0,0,0,0,0,0,13,1,0,0,0,0,0,0,1,0,1,0,1,0,0,6,-1,0
/Users/patriziadecristofaro/GIT/RxJava/rxjava-core/src/main/java/rx/operators/OperationMaterialize.java,rx.operators.OperationMaterialize$MaterializeObservable$Anonymous1,anonymous,3,3,0,3,3,1,0,2,3,0.0,0.0,0.0,3,0,3,0,0,0,3,0,0,0,0,0,0,0,0,0,0,0,0,13,0,0,0,0,0,0,0,0,0,0,0,0,0,0,8,-1,0
/Users/patriziadecristofaro/GIT/RxJava/rxjava-core/src/main/java/rx/util/functions/Action3.java,rx.util.functions.Action3,interface,4,6,2,4,1,1,0,0,0,0.0,NaN,NaN,1,0,1,0,0,0,1,0,0,0,0,0,0,0,0,0,0,0,0,3,0,0,0,0,0,0,0,0,0,0,0,0,0,0,6,1,0
/Users/patriziadecristofaro/GIT/RxJava/rxjava-core/src/main/java/rx/util/functions/Action2.java,rx.util.functions.Action2,interface,3,5,2,3,1,1,0,0,0,0.0,NaN,NaN,1,0,1,0,0,0,1,0,0,0,0,0,0,0,0,0,0,0,0,3,0,0,0,0,0,0,0,0,0,0,0,0,0,0,5,1,0
/Users/patriziadecristofaro/GIT/RxJava/rxjava-core/src/main/java/rx/util/functions/Action1.java,rx.util.functions.Action1,interface,2,11,9,2,1,1,0,0,0,0.0,NaN,NaN,1,0,1,0,0,0,1,0,0,0,0,0,0,0,0,0,0,0,0,3,0,0,0,0,0,0,0,0,0,0,0,0,0,0,4,1,0
/Users/patriziadecristofaro/GIT/RxJava/rxjava-core/src/test/java/rx/performance/PerformanceTest.java,rx.performance.PerformanceTest$Anonymous4,anonymous,1,1,0,1,2,1,0,1,0,0.0,NaN,NaN,1,0,1,0,0,0,1,0,0,0,0,0,0,0,0,0,0,0,0,8,1,1,0,0,0,0,0,1,0,0,1,0,0,0,6,-1,0
/Users/patriziadecristofaro/GIT/RxJava/language-adaptors/rxjava-jruby/src/main/java/rx/lang/jruby/JRubyAdaptor.java,rx.lang.jruby.JRubyAdaptor$UnitTest$TestObservable,innerclass,5,5,0,5,2,2,0,2,0,0.0,1.0,1.0,2,0,2,0,0,0,2,0,0,0,1,0,0,1,0,0,1,0,0,21,1,0,0,0,0,1,0,1,1,1,0,2,0,0,6,10,0
/Users/patriziadecristofaro/GIT/RxJava/rxjava-core/src/test/java/rx/performance/PerformanceTest.java,rx.performance.PerformanceTest$Anonymous3,anonymous,1,1,0,1,2,1,0,1,0,0.0,NaN,NaN,1,0,1,0,0,0,1,0,0,0,0,0,0,0,0,0,0,0,0,8,1,1,0,0,0,0,2,2,0,1,1,0,0,0,4,-1,0
/Users/patriziadecristofaro/GIT/RxJava/rxjava-core/src/test/java/rx/performance/PerformanceTest.java,rx.performance.PerformanceTest$Anonymous2,anonymous,0,0,0,0,1,1,0,0,0,0.0,NaN,NaN,1,0,1,0,0,0,1,0,0,0,0,0,0,0,0,0,0,0,0,5,1,0,0,0,0,1,0,0,1,0,0,0,0,0,5,-1,0
/Users/patriziadecristofaro/GIT/RxJava/rxjava-core/src/test/java/rx/performance/PerformanceTest.java,rx.performance.PerformanceTest$Anonymous1,anonymous,0,0,0,0,2,1,0,0,0,0.0,NaN,NaN,1,0,1,0,0,0,1,0,0,0,0,0,0,0,0,0,0,0,0,5,1,0,0,0,0,0,1,0,0,0,0,0,0,0,4,-1,0
/Users/patriziadecristofaro/GIT/RxJava/language-adaptors/rxjava-clojure/src/main/java/rx/lang/clojure/ClojureAdaptor.java,rx.lang.clojure.ClojureAdaptor$UnitTest,innerclass,7,7,0,7,3,1,0,5,3,1.0,0.0,0.0,3,0,2,1,0,0,2,0,0,0,2,0,0,0,0,2,0,0,0,20,0,0,0,0,0,6,0,3,1,5,0,0,1,0,22,9,0
/Users/patriziadecristofaro/GIT/RxJava/rxjava-core/src/main/java/rx/util/SynchronizedObserver.java,rx.util.SynchronizedObserver$UnitTest$BusyObserver,innerclass,1,1,0,1,5,1,0,8,3,0.6666667,0.0,0.0,3,0,3,0,0,0,3,0,0,0,5,0,0,0,0,5,0,0,1,36,0,0,0,2,0,3,1,9,2,7,2,0,0,0,22,10,0
/Users/patriziadecristofaro/GIT/RxJava/rxjava-core/src/main/java/rx/operators/OperationToObservableSortedList.java,rx.operators.OperationToObservableSortedList$ToObservableSortedList$Anonymous1$Anonymous2,anonymous,2,2,0,2,1,1,0,1,0,0.0,NaN,NaN,1,0,1,0,0,0,1,0,0,0,0,0,0,0,0,0,0,0,0,5,1,0,0,0,0,0,0,0,0,0,0,0,0,0,3,-1,0
/Users/patriziadecristofaro/GIT/RxJava/rxjava-core/src/main/java/rx/operators/OperationToObservableSortedList.java,rx.operators.OperationToObservableSortedList,class,7,9,2,7,2,1,0,0,1,0.0,0.0,0.0,2,2,2,0,0,0,2,0,0,0,0,0,0,0,0,0,0,0,0,83,2,0,0,0,0,0,0,0,0,0,0,0,2,0,38,17,0
/Users/patriziadecristofaro/GIT/RxJava/rxjava-core/src/main/java/rx/operators/OperationMerge.java,rx.operators.OperationMerge$UnitTest$TestSynchronousObservable,innerclass,4,4,0,4,1,2,0,2,0,0.0,NaN,NaN,1,0,1,0,0,0,1,0,0,0,0,0,0,0,0,0,0,0,0,11,1,0,0,0,0,1,0,0,0,0,0,1,0,0,6,10,0
/Users/patriziadecristofaro/GIT/RxJava/rxjava-core/src/main/java/rx/Observable.java,rx.Observable$Anonymous40,anonymous,2,2,0,2,1,1,0,1,0,0.0,NaN,NaN,1,0,1,0,0,0,1,0,0,0,0,0,0,0,0,0,0,0,0,5,1,0,0,0,0,1,0,0,0,0,0,0,0,0,4,-1,0
/Users/patriziadecristofaro/GIT/RxJava/rxjava-core/src/main/java/rx/subjects/Subject.java,rx.subjects.Subject$UnitTest$Anonymous4$Anonymous6,anonymous,0,0,0,0,1,1,0,1,0,0.0,NaN,NaN,1,0,1,0,0,0,1,0,0,0,0,0,0,0,0,0,0,0,0,5,0,0,0,0,0,0,0,0,0,0,0,0,0,0,2,-1,0
/Users/patriziadecristofaro/GIT/RxJava/rxjava-core/src/main/java/rx/operators/OperationMerge.java,rx.operators.OperationMerge$UnitTest$TestASynchronousObservable$Anonymous8,anonymous,0,0,0,0,1,1,0,0,0,0.0,NaN,NaN,1,0,1,0,0,0,1,0,0,0,0,0,0,0,0,0,0,0,0,4,0,0,0,0,0,0,0,0,0,0,0,0,0,0,1,-1,0
/Users/patriziadecristofaro/GIT/RxJava/rxjava-core/src/main/java/rx/subjects/Subject.java,rx.subjects.Subject$UnitTest$Anonymous4$Anonymous5,anonymous,1,1,0,1,2,1,0,3,0,0.0,NaN,NaN,1,0,1,0,0,0,1,0,0,0,0,0,0,0,0,0,0,0,0,9,0,1,0,0,0,0,1,1,0,1,1,0,0,0,2,-1,0
/Users/patriziadecristofaro/GIT/RxJava/rxjava-core/src/main/java/rx/operators/OperationMerge.java,rx.operators.OperationMerge$UnitTest$TestASynchronousObservable$Anonymous7,anonymous,1,1,0,1,1,1,0,2,0,0.0,NaN,NaN,1,0,1,0,0,0,1,0,0,0,0,0,0,0,0,0,0,0,0,6,0,0,0,0,0,1,0,0,0,0,0,0,0,0,1,-1,0
/Users/patriziadecristofaro/GIT/RxJava/rxjava-core/src/main/java/rx/operators/OperationMergeDelayError.java,rx.operators.OperationMergeDelayError$UnitTest$Anonymous6,anonymous,4,4,0,4,1,1,0,2,0,0.0,NaN,NaN,1,0,1,0,0,0,1,0,0,0,0,0,0,0,0,0,0,0,0,12,1,0,0,0,0,0,0,0,0,0,0,1,0,0,5,-1,0
/Users/patriziadecristofaro/GIT/RxJava/rxjava-core/src/main/java/rx/operators/OperationScan.java,rx.operators.OperationScan$Accumulator,innerclass,7,7,0,7,2,1,0,2,0,0.375,NaN,NaN,2,0,1,1,0,0,1,0,0,0,4,0,0,4,0,0,3,0,0,49,1,0,0,0,0,0,0,4,0,4,0,1,0,0,14,10,0
/Users/patriziadecristofaro/GIT/RxJava/rxjava-core/src/main/java/rx/operators/OperationConcat.java,rx.operators.OperationConcat$Concat,innerclass,7,7,0,7,2,1,0,2,0,0.25,1.0,1.0,2,0,1,0,0,1,2,0,0,0,6,0,0,6,0,0,3,0,0,40,1,0,0,0,0,0,3,7,1,6,0,1,1,0,12,10,0
/Users/patriziadecristofaro/GIT/RxJava/rxjava-core/src/main/java/rx/operators/OperationScan.java,rx.operators.OperationScan,class,7,9,2,7,2,1,0,0,1,0.0,0.0,0.0,2,2,2,0,0,0,2,0,0,0,0,0,0,0,0,0,0,0,0,117,2,0,0,0,0,0,0,0,0,0,0,0,2,0,43,17,0
/Users/patriziadecristofaro/GIT/RxJava/rxjava-core/src/main/java/rx/operators/OperationNext.java,rx.operators.OperationNext$Anonymous1,anonymous,2,2,0,2,1,1,0,0,0,0.0,NaN,NaN,1,0,1,0,0,0,1,0,0,0,0,0,0,0,0,0,0,0,0,5,1,0,0,0,0,0,0,0,0,0,0,0,0,0,3,-1,0
/Users/patriziadecristofaro/GIT/RxJava/rxjava-core/src/main/java/rx/operators/OperationSkip.java,rx.operators.OperationSkip$Anonymous1,anonymous,4,4,0,4,1,1,0,1,0,0.0,NaN,NaN,1,0,1,0,0,0,1,0,0,0,0,0,0,0,0,0,0,0,0,5,1,0,0,0,0,0,0,0,0,0,0,0,0,0,3,-1,0
/Users/patriziadecristofaro/GIT/RxJava/rxjava-core/src/main/java/rx/operators/OperationTakeLast.java,rx.operators.OperationTakeLast$TakeLast$ItemObserver,innerclass,2,2,0,2,6,1,0,8,0,0.375,0.6666667,1.0,4,0,4,0,0,0,4,0,0,0,2,0,0,2,0,0,1,0,0,22,0,2,0,0,0,0,0,3,0,3,1,0,0,0,14,2,0
/Users/patriziadecristofaro/GIT/RxJava/rxjava-core/src/main/java/rx/Observable.java,rx.Observable$Anonymous19,anonymous,3,3,0,3,1,1,0,1,0,0.0,NaN,NaN,1,0,1,0,0,0,1,0,0,0,0,0,0,0,0,0,0,0,0,5,1,0,0,0,0,1,0,0,0,0,0,0,0,0,3,-1,0
/Users/patriziadecristofaro/GIT/RxJava/rxjava-core/src/main/java/rx/operators/OperationOnErrorResumeNextViaFunction.java,rx.operators.OperationOnErrorResumeNextViaFunction$UnitTest$Anonymous3,anonymous,3,3,0,3,1,1,0,3,0,0.0,NaN,NaN,1,0,1,0,0,0,1,0,0,0,0,0,0,0,0,0,0,0,1,7,1,0,0,0,0,2,0,0,0,0,0,0,0,0,4,-1,0
/Users/patriziadecristofaro/GIT/RxJava/rxjava-core/src/main/java/rx/operators/OperationMergeDelayError.java,rx.operators.OperationMergeDelayError$MergeDelayErrorObservable$ParentObserver,innerclass,6,6,0,6,11,1,0,10,0,0.0,1.0,1.0,4,0,4,0,0,0,4,0,0,0,1,0,0,1,0,0,1,0,0,39,1,0,3,0,0,1,3,4,0,3,4,0,0,0,34,2,0
/Users/patriziadecristofaro/GIT/RxJava/rxjava-core/src/main/java/rx/operators/OperationOnErrorResumeNextViaFunction.java,rx.operators.OperationOnErrorResumeNextViaFunction$UnitTest$Anonymous4,anonymous,1,1,0,1,1,1,0,2,0,0.0,NaN,NaN,1,0,1,0,0,0,1,0,0,0,0,0,0,0,0,0,0,0,1,6,1,0,0,0,0,2,0,0,0,0,0,0,0,0,3,-1,0
/Users/patriziadecristofaro/GIT/RxJava/rxjava-core/src/main/java/rx/operators/OperationMergeDelayError.java,rx.operators.OperationMergeDelayError$MergeDelayErrorObservable$ChildObserver,innerclass,4,4,0,4,14,1,0,11,2,0.5,0.33333334,0.5,5,0,4,1,0,0,4,0,0,0,2,0,0,2,0,0,1,0,0,41,0,0,2,0,0,0,3,3,0,2,3,0,0,0,59,2,0
/Users/patriziadecristofaro/GIT/RxJava/rxjava-core/src/main/java/rx/operators/OperationOnErrorResumeNextViaFunction.java,rx.operators.OperationOnErrorResumeNextViaFunction$UnitTest$Anonymous5,anonymous,1,1,0,1,1,1,0,2,0,0.0,NaN,NaN,1,0,1,0,0,0,1,0,0,0,0,0,0,0,0,0,0,0,1,6,1,0,0,0,0,2,0,0,0,0,0,0,0,0,3,-1,0
/Users/patriziadecristofaro/GIT/RxJava/rxjava-core/src/main/java/rx/Observable.java,rx.Observable$Anonymous15,anonymous,3,3,0,3,1,1,0,1,0,0.0,NaN,NaN,1,0,1,0,0,0,1,0,0,0,0,0,0,0,0,0,0,0,0,5,1,0,0,0,0,1,0,0,0,0,0,0,0,0,4,-1,0
/Users/patriziadecristofaro/GIT/RxJava/rxjava-core/src/main/java/rx/Observable.java,rx.Observable$Anonymous16,anonymous,3,3,0,3,1,1,0,1,0,0.0,NaN,NaN,1,0,1,0,0,0,1,0,0,0,0,0,0,0,0,0,0,0,0,5,1,0,0,0,0,1,0,0,0,0,0,0,0,0,4,-1,0
/Users/patriziadecristofaro/GIT/RxJava/rxjava-core/src/main/java/rx/Observable.java,rx.Observable$Anonymous17,anonymous,1,1,0,1,1,1,0,1,0,0.0,NaN,NaN,1,0,1,0,0,0,1,0,0,0,0,0,0,0,0,0,0,0,0,5,0,0,0,0,0,0,0,0,0,0,0,0,0,0,1,-1,0
/Users/patriziadecristofaro/GIT/RxJava/rxjava-core/src/main/java/rx/Observable.java,rx.Observable$Anonymous18,anonymous,1,1,0,1,1,1,0,1,0,0.0,NaN,NaN,1,0,1,0,0,0,1,0,0,0,0,0,0,0,0,0,0,0,0,5,0,0,0,0,0,0,0,0,0,0,0,0,0,0,1,-1,0
/Users/patriziadecristofaro/GIT/RxJava/rxjava-core/src/main/java/rx/operators/OperationSynchronize.java,rx.operators.OperationSynchronize$UnitTest$TestObservable$Anonymous1,anonymous,0,0,0,0,1,1,0,0,0,0.0,NaN,NaN,1,0,1,0,0,0,1,0,0,0,0,0,0,0,0,0,0,0,0,4,0,0,0,0,0,0,0,0,0,0,0,0,0,0,1,-1,0
/Users/patriziadecristofaro/GIT/RxJava/rxjava-core/src/main/java/rx/Observable.java,rx.Observable$Anonymous12,anonymous,4,4,0,4,1,1,0,1,0,0.0,NaN,NaN,1,0,1,0,0,0,1,0,0,0,0,0,0,0,0,0,0,0,0,5,1,0,0,0,0,0,0,0,0,0,0,0,0,0,3,-1,0
/Users/patriziadecristofaro/GIT/RxJava/rxjava-core/src/main/java/rx/Observable.java,rx.Observable$Anonymous13,anonymous,2,2,0,2,1,1,0,1,0,0.0,NaN,NaN,1,0,1,0,0,0,1,0,0,0,0,0,0,0,0,0,0,0,0,5,1,0,0,0,0,0,0,0,0,0,0,0,0,0,4,-1,0
/Users/patriziadecristofaro/GIT/RxJava/rxjava-core/src/main/java/rx/operators/OperationCombineLatest.java,rx.operators.OperationCombineLatest,class,15,16,1,15,3,1,0,4,3,0.0,0.0,0.0,3,3,3,0,0,0,3,0,0,0,0,0,0,0,0,0,0,0,3,460,3,0,0,0,0,0,0,3,0,3,0,0,3,0,6,1,0
/Users/patriziadecristofaro/GIT/RxJava/rxjava-core/src/main/java/rx/Observable.java,rx.Observable$Anonymous14,anonymous,2,2,0,2,1,1,0,1,0,0.0,NaN,NaN,1,0,1,0,0,0,1,0,0,0,0,0,0,0,0,0,0,0,0,5,1,0,0,0,0,0,0,0,0,0,0,0,0,0,4,-1,0
/Users/patriziadecristofaro/GIT/RxJava/rxjava-core/src/main/java/rx/operators/OperationToObservableList.java,rx.operators.OperationToObservableList$UnitTest,innerclass,4,4,0,4,1,1,0,13,0,0.0,NaN,NaN,1,0,1,0,0,0,1,0,0,0,0,0,0,0,0,0,0,0,4,11,0,0,0,0,0,7,2,3,0,3,0,0,0,0,13,9,0
/Users/patriziadecristofaro/GIT/RxJava/rxjava-core/src/main/java/rx/operators/OperationOnErrorResumeNextViaFunction.java,rx.operators.OperationOnErrorResumeNextViaFunction$UnitTest$TestObservable,innerclass,3,3,0,3,2,2,0,2,0,0.33333334,1.0,1.0,2,0,2,0,0,0,2,0,0,0,3,0,0,0,0,3,2,0,0,32,1,0,0,0,0,3,0,4,0,3,0,1,0,0,14,10,0
/Users/patriziadecristofaro/GIT/RxJava/rxjava-core/src/main/java/rx/Observable.java,rx.Observable,class,48,171,123,48,151,3,0,109,8905,0.98134327,1.230315E-4,1.230315E-4,134,77,126,6,2,0,128,0,0,0,2,0,0,2,0,0,2,0,182,1003,132,1,7,1,0,43,1,44,0,42,2,38,4,0,542,1,0
/Users/patriziadecristofaro/GIT/RxJava/rxjava-core/src/main/java/rx/Notification.java,rx.Notification,class,3,16,13,3,31,1,0,19,51,0.6666667,0.21978022,0.30769232,14,0,14,0,0,0,14,0,0,0,3,0,0,3,0,0,3,0,0,68,17,0,9,0,0,5,2,14,4,6,1,0,1,0,61,1,0
/Users/patriziadecristofaro/GIT/RxJava/rxjava-core/src/main/java/rx/operators/OperationMerge.java,rx.operators.OperationMerge$UnitTest$TestErrorObservable,innerclass,4,4,0,4,4,2,0,4,0,0.0,1.0,1.0,2,0,1,0,0,1,2,0,0,0,1,0,0,0,0,1,0,0,0,23,1,1,1,0,0,1,0,1,0,1,2,1,0,0,14,10,0
/Users/patriziadecristofaro/GIT/RxJava/rxjava-core/src/main/java/rx/operators/OperationOnErrorReturn.java,rx.operators.OperationOnErrorReturn,class,6,8,2,6,1,1,0,0,0,0.0,NaN,NaN,1,1,1,0,0,0,1,0,0,0,0,0,0,0,0,0,0,0,0,131,1,0,0,0,0,0,0,0,0,0,0,0,2,0,20,17,0
/Users/patriziadecristofaro/GIT/RxJava/rxjava-core/src/test/java/rx/performance/TestChainPerformance.java,rx.performance.TestChainPerformance,class,3,4,1,3,10,1,0,8,3,0.0,0.0,0.0,3,1,3,0,0,0,3,0,0,0,0,0,0,0,0,0,0,0,4,63,0,6,0,1,4,7,13,18,8,15,2,1,1,0,25,1,0
/Users/patriziadecristofaro/GIT/RxJava/rxjava-core/src/main/java/rx/operators/OperationNext.java,rx.operators.OperationNext$UnitTest,innerclass,9,9,0,9,9,5,0,25,6,0.75,0.0,0.0,4,0,3,1,0,0,3,0,0,0,1,0,0,1,0,0,1,0,11,120,1,1,2,1,2,13,10,20,4,18,1,2,2,0,75,9,0
/Users/patriziadecristofaro/GIT/RxJava/language-adaptors/rxjava-jruby/src/main/java/rx/lang/jruby/JRubyAdaptor.java,rx.lang.jruby.JRubyAdaptor$UnitTest,innerclass,10,10,0,10,14,2,0,12,0,0.53571427,0.84615386,0.84615386,14,0,13,1,0,0,13,0,0,0,2,0,0,0,0,2,0,0,1,116,0,0,0,0,0,28,38,7,0,9,0,0,3,0,45,9,1
/Users/patriziadecristofaro/GIT/RxJava/rxjava-core/src/main/java/rx/operators/OperationOnErrorReturn.java,rx.operators.OperationOnErrorReturn$OnErrorReturn,innerclass,7,7,0,7,2,1,0,2,0,0.25,1.0,1.0,2,0,2,0,0,0,2,0,0,0,2,0,0,2,0,0,2,0,0,43,1,0,0,0,0,0,0,4,0,4,0,2,0,0,14,10,0
/Users/patriziadecristofaro/GIT/RxJava/rxjava-core/src/main/java/rx/operators/OperationOnErrorResumeNextViaFunction.java,rx.operators.OperationOnErrorResumeNextViaFunction$UnitTest$Anonymous6,anonymous,1,1,0,1,1,1,0,0,0,0.0,NaN,NaN,1,0,1,0,0,0,1,0,0,0,0,0,0,0,0,0,0,0,0,5,0,0,0,0,0,1,0,0,0,0,0,0,0,0,5,-1,0
/Users/patriziadecristofaro/GIT/RxJava/rxjava-core/src/main/java/rx/operators/OperationConcat.java,rx.operators.OperationConcat$Concat$Anonymous3,anonymous,1,1,0,1,2,1,0,1,0,0.0,NaN,NaN,1,0,1,0,0,0,1,0,0,0,0,0,0,0,0,0,0,0,0,5,0,0,1,0,0,0,0,0,0,0,1,0,0,0,3,-1,0
/Users/patriziadecristofaro/GIT/RxJava/rxjava-core/src/main/java/rx/Notification.java,rx.Notification$Kind,enum,0,0,0,0,0,1,0,0,0,0.0,-1.0,-1.0,0,0,0,0,0,0,0,0,0,0,0,0,0,0,0,0,0,0,0,1,0,0,0,0,0,0,0,0,0,0,0,0,0,0,4,9,0
/Users/patriziadecristofaro/GIT/RxJava/rxjava-core/src/main/java/rx/util/SynchronizedObserver.java,rx.util.SynchronizedObserver$UnitTest$TestMultiThreadedObservable$Anonymous2$Anonymous3,anonymous,1,1,0,1,4,1,0,7,0,0.0,NaN,NaN,1,0,1,0,0,0,1,0,0,0,0,0,0,0,0,0,0,0,0,23,0,0,1,1,0,1,0,2,1,2,2,0,0,0,10,-1,0
/Users/patriziadecristofaro/GIT/RxJava/rxjava-core/src/main/java/rx/Observable.java,rx.Observable$Anonymous26,anonymous,2,2,0,2,3,1,0,1,3,0.0,0.0,0.0,3,0,3,0,0,0,3,0,0,0,0,0,0,0,0,0,0,0,0,9,0,0,0,0,0,0,0,0,0,0,0,0,0,0,7,-1,0
/Users/patriziadecristofaro/GIT/RxJava/rxjava-core/src/main/java/rx/operators/OperationConcat.java,rx.operators.OperationConcat$UnitTest$Anonymous5,anonymous,4,4,0,4,1,1,0,2,0,0.0,NaN,NaN,1,0,1,0,0,0,1,0,0,0,0,0,0,0,0,0,0,0,0,12,1,0,0,0,0,0,0,0,0,0,0,1,0,0,5,-1,0
/Users/patriziadecristofaro/GIT/RxJava/rxjava-core/src/main/java/rx/util/SynchronizedObserver.java,rx.util.SynchronizedObserver$UnitTest$TestMultiThreadedObservable$Anonymous2,anonymous,1,1,0,1,4,1,0,5,0,0.0,NaN,NaN,1,0,1,0,0,0,1,0,0,0,0,0,0,0,0,0,0,0,0,44,0,1,0,2,0,1,1,0,0,0,2,1,0,0,12,-1,0
/Users/patriziadecristofaro/GIT/RxJava/rxjava-core/src/main/java/rx/Observable.java,rx.Observable$Anonymous27,anonymous,4,4,0,4,8,1,0,7,4,0.5,0.33333334,0.33333334,4,0,3,1,0,0,3,0,0,0,1,0,0,1,0,0,0,0,2,31,3,0,2,1,0,1,0,4,0,2,1,0,0,0,15,-1,0
/Users/patriziadecristofaro/GIT/RxJava/rxjava-core/src/main/java/rx/operators/OperationConcat.java,rx.operators.OperationConcat$UnitTest$Anonymous4,anonymous,0,0,0,0,3,1,0,1,3,0.0,0.0,0.0,3,0,3,0,0,0,3,0,0,0,0,0,0,0,0,0,0,0,0,10,0,0,0,0,0,0,0,0,0,0,0,0,0,0,8,-1,0
/Users/patriziadecristofaro/GIT/RxJava/rxjava-core/src/main/java/rx/Observable.java,rx.Observable$Anonymous28,anonymous,1,1,0,1,1,1,0,0,0,0.0,NaN,NaN,1,0,1,0,0,0,1,0,0,0,0,0,0,0,0,0,0,0,0,5,1,0,0,0,0,0,0,0,0,0,0,0,0,0,2,-1,0
/Users/patriziadecristofaro/GIT/RxJava/rxjava-core/src/main/java/rx/operators/OperationTake.java,rx.operators.OperationTake$UnitTest$TestObservable$Anonymous6,anonymous,1,1,0,1,3,1,0,3,0,0.0,NaN,NaN,1,0,1,0,0,0,1,0,0,0,0,0,0,0,0,0,0,0,0,15,0,1,0,1,0,2,0,0,1,0,2,0,0,0,8,-1,0
/Users/patriziadecristofaro/GIT/RxJava/rxjava-core/src/main/java/rx/Observable.java,rx.Observable$Anonymous29,anonymous,2,2,0,2,1,1,0,1,0,0.0,NaN,NaN,1,0,1,0,0,0,1,0,0,0,0,0,0,0,0,0,0,0,0,5,1,0,0,0,0,0,0,0,0,0,0,0,0,0,4,-1,0
/Users/patriziadecristofaro/GIT/RxJava/rxjava-core/src/main/java/rx/Observable.java,rx.Observable$Anonymous22,anonymous,2,2,0,2,1,1,0,1,0,0.0,NaN,NaN,1,0,1,0,0,0,1,0,0,0,0,0,0,0,0,0,0,0,0,5,1,0,0,0,0,1,0,0,0,0,0,0,0,0,3,-1,0
/Users/patriziadecristofaro/GIT/RxJava/rxjava-core/src/main/java/rx/operators/OperationZip.java,rx.operators.OperationZip$UnitTest,innerclass,14,14,0,14,21,2,0,36,171,0.0,0.0,0.0,19,1,13,6,0,0,13,0,0,0,0,0,0,0,0,0,0,0,19,334,8,0,1,0,0,86,46,72,0,72,2,5,1,0,93,9,1
/Users/patriziadecristofaro/GIT/RxJava/rxjava-core/src/main/java/rx/Observable.java,rx.Observable$Anonymous23,anonymous,2,2,0,2,1,1,0,1,0,0.0,NaN,NaN,1,0,1,0,0,0,1,0,0,0,0,0,0,0,0,0,0,0,0,5,1,0,0,0,0,1,0,0,0,0,0,0,0,0,3,-1,0
/Users/patriziadecristofaro/GIT/RxJava/rxjava-core/src/main/java/rx/Observable.java,rx.Observable$Anonymous24,anonymous,2,2,0,2,1,1,0,1,0,0.0,NaN,NaN,1,0,1,0,0,0,1,0,0,0,0,0,0,0,0,0,0,0,0,5,1,0,0,0,0,0,0,0,0,0,0,0,0,0,4,-1,0
/Users/patriziadecristofaro/GIT/RxJava/rxjava-core/src/main/java/rx/Observable.java,rx.Observable$Anonymous25,anonymous,2,2,0,2,1,1,0,1,0,0.0,NaN,NaN,1,0,1,0,0,0,1,0,0,0,0,0,0,0,0,0,0,0,0,5,1,0,0,0,0,0,0,0,0,0,0,0,0,0,5,-1,0
/Users/patriziadecristofaro/GIT/RxJava/rxjava-core/src/main/java/rx/Observable.java,rx.Observable$Anonymous20,anonymous,2,2,0,2,1,1,0,1,0,0.0,NaN,NaN,1,0,1,0,0,0,1,0,0,0,0,0,0,0,0,0,0,0,0,5,1,0,0,0,0,1,0,0,0,0,0,0,0,0,3,-1,0
/Users/patriziadecristofaro/GIT/RxJava/rxjava-core/src/test/java/rx/performance/PerformanceTest.java,rx.performance.PerformanceTest,class,7,8,1,7,8,1,0,13,10,0.0,0.0,0.0,5,1,5,0,0,0,5,0,0,0,0,0,0,0,0,0,0,0,10,116,0,3,0,0,0,5,12,22,0,20,1,4,3,0,34,1,0
/Users/patriziadecristofaro/GIT/RxJava/rxjava-core/src/main/java/rx/Observable.java,rx.Observable$Anonymous21,anonymous,2,2,0,2,1,1,0,1,0,0.0,NaN,NaN,1,0,1,0,0,0,1,0,0,0,0,0,0,0,0,0,0,0,0,5,1,0,0,0,0,1,0,0,0,0,0,0,0,0,3,-1,0
/Users/patriziadecristofaro/GIT/RxJava/rxjava-core/src/main/java/rx/operators/OperationOnErrorResumeNextViaFunction.java,rx.operators.OperationOnErrorResumeNextViaFunction$UnitTest,innerclass,7,7,0,7,5,2,0,16,3,0.0,0.0,0.0,3,0,3,0,0,0,3,0,0,0,0,0,0,0,0,0,0,0,7,114,0,0,0,2,0,16,11,16,0,16,1,4,1,0,41,9,0
/Users/patriziadecristofaro/GIT/RxJava/rxjava-core/src/main/java/rx/operators/OperationToObservableSortedList.java,rx.operators.OperationToObservableSortedList$UnitTest$Anonymous3,anonymous,0,0,0,0,1,1,0,0,0,0.0,NaN,NaN,1,0,1,0,0,0,1,0,0,0,0,0,0,0,0,0,0,0,0,5,1,0,0,0,0,0,0,0,1,0,0,0,0,0,4,-1,0
/Users/patriziadecristofaro/GIT/RxJava/rxjava-core/src/main/java/rx/operators/OperationMergeDelayError.java,rx.operators.OperationMergeDelayError$Anonymous1,anonymous,4,4,0,4,1,1,0,1,0,0.0,NaN,NaN,1,0,1,0,0,0,1,0,0,0,0,0,0,0,0,0,0,0,0,5,1,0,0,0,0,0,0,0,0,0,0,0,0,0,4,-1,0
/Users/patriziadecristofaro/GIT/RxJava/rxjava-core/src/main/java/rx/util/SynchronizedObserver.java,rx.util.SynchronizedObserver$UnitTest$TestSingleThreadedObservable,innerclass,3,3,0,3,4,1,0,3,0,0.44444445,0.6666667,1.0,3,0,3,0,0,0,3,0,0,0,3,0,0,1,0,2,2,0,0,40,1,0,0,1,0,3,0,4,0,3,1,1,0,0,31,10,0
/Users/patriziadecristofaro/GIT/RxJava/rxjava-core/src/main/java/rx/util/functions/Functions.java,rx.util.functions.Functions$AlwaysTrue,enum,1,1,0,1,1,1,0,0,0,0.0,NaN,NaN,1,0,1,0,0,0,1,0,0,0,0,0,0,0,0,0,0,0,0,4,1,0,0,0,0,0,0,0,0,0,0,0,0,0,15,2,0
/Users/patriziadecristofaro/GIT/RxJava/rxjava-core/src/main/java/rx/plugins/RxJavaPlugins.java,rx.plugins.RxJavaPlugins$UnitTest$RxJavaErrorHandlerTestImpl,innerclass,1,1,0,1,0,2,0,0,0,0.0,-1.0,-1.0,0,0,0,0,0,0,0,0,0,0,0,0,0,0,0,0,0,0,0,2,0,0,0,0,0,0,0,0,0,0,0,0,0,0,6,9,0
/Users/patriziadecristofaro/GIT/RxJava/rxjava-core/src/main/java/rx/operators/OperationMergeDelayError.java,rx.operators.OperationMergeDelayError$Anonymous2,anonymous,5,5,0,5,4,1,0,2,0,0.0,NaN,NaN,1,0,1,0,0,0,1,0,0,0,1,0,0,1,0,0,0,0,0,22,1,1,0,0,0,0,0,1,0,1,2,1,0,0,7,-1,0
/Users/patriziadecristofaro/GIT/RxJava/rxjava-core/src/main/java/rx/operators/OperationMergeDelayError.java,rx.operators.OperationMergeDelayError$Anonymous4,anonymous,5,5,0,5,4,1,0,2,0,0.0,NaN,NaN,1,0,1,0,0,0,1,0,0,0,1,0,0,1,0,0,0,0,0,22,1,1,0,0,0,0,0,1,0,1,2,1,0,0,7,-1,0
